..\jfreechart-master\jfreechart-master\src\main\java\org\jfree\chart\annotations\AbstractAnnotation.java,org.jfree.chart.annotations,AbstractAnnotation
..\jfreechart-master\jfreechart-master\src\main\java\org\jfree\chart\annotations\AbstractXYAnnotation.java,org.jfree.chart.annotations,AbstractXYAnnotation
..\jfreechart-master\jfreechart-master\src\main\java\org\jfree\chart\annotations\Annotation.java,org.jfree.chart.annotations,Annotation
..\jfreechart-master\jfreechart-master\src\main\java\org\jfree\chart\annotations\CategoryAnnotation.java,org.jfree.chart.annotations,CategoryAnnotation
..\jfreechart-master\jfreechart-master\src\main\java\org\jfree\chart\annotations\CategoryLineAnnotation.java,org.jfree.chart.annotations,CategoryLineAnnotation
..\jfreechart-master\jfreechart-master\src\main\java\org\jfree\chart\annotations\CategoryPointerAnnotation.java,org.jfree.chart.annotations,CategoryPointerAnnotation
..\jfreechart-master\jfreechart-master\src\main\java\org\jfree\chart\annotations\CategoryTextAnnotation.java,org.jfree.chart.annotations,CategoryTextAnnotation
..\jfreechart-master\jfreechart-master\src\main\java\org\jfree\chart\annotations\package-info.java,org.jfree.chart.annotations,package-info
..\jfreechart-master\jfreechart-master\src\main\java\org\jfree\chart\annotations\TextAnnotation.java,org.jfree.chart.annotations,TextAnnotation
..\jfreechart-master\jfreechart-master\src\main\java\org\jfree\chart\annotations\XYAnnotation.java,org.jfree.chart.annotations,XYAnnotation
..\jfreechart-master\jfreechart-master\src\main\java\org\jfree\chart\annotations\XYAnnotationBoundsInfo.java,org.jfree.chart.annotations,XYAnnotationBoundsInfo
..\jfreechart-master\jfreechart-master\src\main\java\org\jfree\chart\annotations\XYBoxAnnotation.java,org.jfree.chart.annotations,XYBoxAnnotation
..\jfreechart-master\jfreechart-master\src\main\java\org\jfree\chart\annotations\XYDataImageAnnotation.java,org.jfree.chart.annotations,XYDataImageAnnotation
..\jfreechart-master\jfreechart-master\src\main\java\org\jfree\chart\annotations\XYDrawableAnnotation.java,org.jfree.chart.annotations,XYDrawableAnnotation
..\jfreechart-master\jfreechart-master\src\main\java\org\jfree\chart\annotations\XYImageAnnotation.java,org.jfree.chart.annotations,XYImageAnnotation
..\jfreechart-master\jfreechart-master\src\main\java\org\jfree\chart\annotations\XYLineAnnotation.java,org.jfree.chart.annotations,XYLineAnnotation
..\jfreechart-master\jfreechart-master\src\main\java\org\jfree\chart\annotations\XYPointerAnnotation.java,org.jfree.chart.annotations,XYPointerAnnotation
..\jfreechart-master\jfreechart-master\src\main\java\org\jfree\chart\annotations\XYPolygonAnnotation.java,org.jfree.chart.annotations,XYPolygonAnnotation
..\jfreechart-master\jfreechart-master\src\main\java\org\jfree\chart\annotations\XYShapeAnnotation.java,org.jfree.chart.annotations,XYShapeAnnotation
..\jfreechart-master\jfreechart-master\src\main\java\org\jfree\chart\annotations\XYTextAnnotation.java,org.jfree.chart.annotations,XYTextAnnotation
..\jfreechart-master\jfreechart-master\src\main\java\org\jfree\chart\annotations\XYTitleAnnotation.java,org.jfree.chart.annotations,XYTitleAnnotation
..\jfreechart-master\jfreechart-master\src\main\java\org\jfree\chart\api\HorizontalAlignment.java,org.jfree.chart.api,HorizontalAlignment
..\jfreechart-master\jfreechart-master\src\main\java\org\jfree\chart\api\Layer.java,org.jfree.chart.api,Layer
..\jfreechart-master\jfreechart-master\src\main\java\org\jfree\chart\api\LengthAdjustmentType.java,org.jfree.chart.api,LengthAdjustmentType
..\jfreechart-master\jfreechart-master\src\main\java\org\jfree\chart\api\package-info.java,org.jfree.chart.api,package-info
..\jfreechart-master\jfreechart-master\src\main\java\org\jfree\chart\api\PublicCloneable.java,org.jfree.chart.api,PublicCloneable
..\jfreechart-master\jfreechart-master\src\main\java\org\jfree\chart\api\RectangleAlignment.java,org.jfree.chart.api,RectangleAlignment
..\jfreechart-master\jfreechart-master\src\main\java\org\jfree\chart\api\RectangleAnchor.java,org.jfree.chart.api,RectangleAnchor
..\jfreechart-master\jfreechart-master\src\main\java\org\jfree\chart\api\RectangleEdge.java,org.jfree.chart.api,RectangleEdge
..\jfreechart-master\jfreechart-master\src\main\java\org\jfree\chart\api\RectangleInsets.java,org.jfree.chart.api,RectangleInsets
..\jfreechart-master\jfreechart-master\src\main\java\org\jfree\chart\api\Rotation.java,org.jfree.chart.api,Rotation
..\jfreechart-master\jfreechart-master\src\main\java\org\jfree\chart\api\SortOrder.java,org.jfree.chart.api,SortOrder
..\jfreechart-master\jfreechart-master\src\main\java\org\jfree\chart\api\TableOrder.java,org.jfree.chart.api,TableOrder
..\jfreechart-master\jfreechart-master\src\main\java\org\jfree\chart\api\UnitType.java,org.jfree.chart.api,UnitType
..\jfreechart-master\jfreechart-master\src\main\java\org\jfree\chart\api\VerticalAlignment.java,org.jfree.chart.api,VerticalAlignment
..\jfreechart-master\jfreechart-master\src\main\java\org\jfree\chart\api\XYCoordinateType.java,org.jfree.chart.api,XYCoordinateType
..\jfreechart-master\jfreechart-master\src\main\java\org\jfree\chart\axis\Axis.java,org.jfree.chart.axis,Axis
..\jfreechart-master\jfreechart-master\src\main\java\org\jfree\chart\axis\AxisCollection.java,org.jfree.chart.axis,AxisCollection
..\jfreechart-master\jfreechart-master\src\main\java\org\jfree\chart\axis\AxisLabelLocation.java,org.jfree.chart.axis,AxisLabelLocation
..\jfreechart-master\jfreechart-master\src\main\java\org\jfree\chart\axis\AxisLocation.java,org.jfree.chart.axis,AxisLocation
..\jfreechart-master\jfreechart-master\src\main\java\org\jfree\chart\axis\AxisSpace.java,org.jfree.chart.axis,AxisSpace
..\jfreechart-master\jfreechart-master\src\main\java\org\jfree\chart\axis\AxisState.java,org.jfree.chart.axis,AxisState
..\jfreechart-master\jfreechart-master\src\main\java\org\jfree\chart\axis\CategoryAnchor.java,org.jfree.chart.axis,CategoryAnchor
..\jfreechart-master\jfreechart-master\src\main\java\org\jfree\chart\axis\CategoryAxis.java,org.jfree.chart.axis,CategoryAxis
..\jfreechart-master\jfreechart-master\src\main\java\org\jfree\chart\axis\CategoryLabelPosition.java,org.jfree.chart.axis,CategoryLabelPosition
..\jfreechart-master\jfreechart-master\src\main\java\org\jfree\chart\axis\CategoryLabelPositions.java,org.jfree.chart.axis,CategoryLabelPositions
..\jfreechart-master\jfreechart-master\src\main\java\org\jfree\chart\axis\CategoryLabelWidthType.java,org.jfree.chart.axis,CategoryLabelWidthType
..\jfreechart-master\jfreechart-master\src\main\java\org\jfree\chart\axis\CategoryTick.java,org.jfree.chart.axis,CategoryTick
..\jfreechart-master\jfreechart-master\src\main\java\org\jfree\chart\axis\CompassFormat.java,org.jfree.chart.axis,CompassFormat
..\jfreechart-master\jfreechart-master\src\main\java\org\jfree\chart\axis\CyclicNumberAxis.java,org.jfree.chart.axis,CyclicNumberAxis
..\jfreechart-master\jfreechart-master\src\main\java\org\jfree\chart\axis\DateAxis.java,org.jfree.chart.axis,DateAxis
..\jfreechart-master\jfreechart-master\src\main\java\org\jfree\chart\axis\DateTick.java,org.jfree.chart.axis,DateTick
..\jfreechart-master\jfreechart-master\src\main\java\org\jfree\chart\axis\DateTickMarkPosition.java,org.jfree.chart.axis,DateTickMarkPosition
..\jfreechart-master\jfreechart-master\src\main\java\org\jfree\chart\axis\DateTickUnit.java,org.jfree.chart.axis,DateTickUnit
..\jfreechart-master\jfreechart-master\src\main\java\org\jfree\chart\axis\DateTickUnitType.java,org.jfree.chart.axis,DateTickUnitType
..\jfreechart-master\jfreechart-master\src\main\java\org\jfree\chart\axis\ExtendedCategoryAxis.java,org.jfree.chart.axis,ExtendedCategoryAxis
..\jfreechart-master\jfreechart-master\src\main\java\org\jfree\chart\axis\LogarithmicAxis.java,org.jfree.chart.axis,LogarithmicAxis
..\jfreechart-master\jfreechart-master\src\main\java\org\jfree\chart\axis\LogAxis.java,org.jfree.chart.axis,LogAxis
..\jfreechart-master\jfreechart-master\src\main\java\org\jfree\chart\axis\LogTick.java,org.jfree.chart.axis,LogTick
..\jfreechart-master\jfreechart-master\src\main\java\org\jfree\chart\axis\MarkerAxisBand.java,org.jfree.chart.axis,MarkerAxisBand
..\jfreechart-master\jfreechart-master\src\main\java\org\jfree\chart\axis\ModuloAxis.java,org.jfree.chart.axis,ModuloAxis
..\jfreechart-master\jfreechart-master\src\main\java\org\jfree\chart\axis\MonthDateFormat.java,org.jfree.chart.axis,MonthDateFormat
..\jfreechart-master\jfreechart-master\src\main\java\org\jfree\chart\axis\NumberAxis.java,org.jfree.chart.axis,NumberAxis
..\jfreechart-master\jfreechart-master\src\main\java\org\jfree\chart\axis\NumberTick.java,org.jfree.chart.axis,NumberTick
..\jfreechart-master\jfreechart-master\src\main\java\org\jfree\chart\axis\NumberTickUnit.java,org.jfree.chart.axis,NumberTickUnit
..\jfreechart-master\jfreechart-master\src\main\java\org\jfree\chart\axis\NumberTickUnitSource.java,org.jfree.chart.axis,NumberTickUnitSource
..\jfreechart-master\jfreechart-master\src\main\java\org\jfree\chart\axis\package-info.java,org.jfree.chart.axis,package-info
..\jfreechart-master\jfreechart-master\src\main\java\org\jfree\chart\axis\PeriodAxis.java,org.jfree.chart.axis,PeriodAxis
..\jfreechart-master\jfreechart-master\src\main\java\org\jfree\chart\axis\PeriodAxisLabelInfo.java,org.jfree.chart.axis,PeriodAxisLabelInfo
..\jfreechart-master\jfreechart-master\src\main\java\org\jfree\chart\axis\QuarterDateFormat.java,org.jfree.chart.axis,QuarterDateFormat
..\jfreechart-master\jfreechart-master\src\main\java\org\jfree\chart\axis\StandardTickUnitSource.java,org.jfree.chart.axis,StandardTickUnitSource
..\jfreechart-master\jfreechart-master\src\main\java\org\jfree\chart\axis\SubCategoryAxis.java,org.jfree.chart.axis,SubCategoryAxis
..\jfreechart-master\jfreechart-master\src\main\java\org\jfree\chart\axis\SymbolAxis.java,org.jfree.chart.axis,SymbolAxis
..\jfreechart-master\jfreechart-master\src\main\java\org\jfree\chart\axis\Tick.java,org.jfree.chart.axis,Tick
..\jfreechart-master\jfreechart-master\src\main\java\org\jfree\chart\axis\TickType.java,org.jfree.chart.axis,TickType
..\jfreechart-master\jfreechart-master\src\main\java\org\jfree\chart\axis\TickUnit.java,org.jfree.chart.axis,TickUnit
..\jfreechart-master\jfreechart-master\src\main\java\org\jfree\chart\axis\TickUnits.java,org.jfree.chart.axis,TickUnits
..\jfreechart-master\jfreechart-master\src\main\java\org\jfree\chart\axis\TickUnitSource.java,org.jfree.chart.axis,TickUnitSource
..\jfreechart-master\jfreechart-master\src\main\java\org\jfree\chart\axis\Timeline.java,org.jfree.chart.axis,Timeline
..\jfreechart-master\jfreechart-master\src\main\java\org\jfree\chart\axis\ValueAxis.java,org.jfree.chart.axis,ValueAxis
..\jfreechart-master\jfreechart-master\src\main\java\org\jfree\chart\axis\ValueTick.java,org.jfree.chart.axis,ValueTick
..\jfreechart-master\jfreechart-master\src\main\java\org\jfree\chart\block\AbstractBlock.java,org.jfree.chart.block,AbstractBlock
..\jfreechart-master\jfreechart-master\src\main\java\org\jfree\chart\block\Arrangement.java,org.jfree.chart.block,Arrangement
..\jfreechart-master\jfreechart-master\src\main\java\org\jfree\chart\block\Block.java,org.jfree.chart.block,Block
..\jfreechart-master\jfreechart-master\src\main\java\org\jfree\chart\block\BlockBorder.java,org.jfree.chart.block,BlockBorder
..\jfreechart-master\jfreechart-master\src\main\java\org\jfree\chart\block\BlockContainer.java,org.jfree.chart.block,BlockContainer
..\jfreechart-master\jfreechart-master\src\main\java\org\jfree\chart\block\BlockFrame.java,org.jfree.chart.block,BlockFrame
..\jfreechart-master\jfreechart-master\src\main\java\org\jfree\chart\block\BlockParams.java,org.jfree.chart.block,BlockParams
..\jfreechart-master\jfreechart-master\src\main\java\org\jfree\chart\block\BlockResult.java,org.jfree.chart.block,BlockResult
..\jfreechart-master\jfreechart-master\src\main\java\org\jfree\chart\block\BorderArrangement.java,org.jfree.chart.block,BorderArrangement
..\jfreechart-master\jfreechart-master\src\main\java\org\jfree\chart\block\CenterArrangement.java,org.jfree.chart.block,CenterArrangement
..\jfreechart-master\jfreechart-master\src\main\java\org\jfree\chart\block\ColorBlock.java,org.jfree.chart.block,ColorBlock
..\jfreechart-master\jfreechart-master\src\main\java\org\jfree\chart\block\ColumnArrangement.java,org.jfree.chart.block,ColumnArrangement
..\jfreechart-master\jfreechart-master\src\main\java\org\jfree\chart\block\EmptyBlock.java,org.jfree.chart.block,EmptyBlock
..\jfreechart-master\jfreechart-master\src\main\java\org\jfree\chart\block\EntityBlockParams.java,org.jfree.chart.block,EntityBlockParams
..\jfreechart-master\jfreechart-master\src\main\java\org\jfree\chart\block\EntityBlockResult.java,org.jfree.chart.block,EntityBlockResult
..\jfreechart-master\jfreechart-master\src\main\java\org\jfree\chart\block\FlowArrangement.java,org.jfree.chart.block,FlowArrangement
..\jfreechart-master\jfreechart-master\src\main\java\org\jfree\chart\block\GridArrangement.java,org.jfree.chart.block,GridArrangement
..\jfreechart-master\jfreechart-master\src\main\java\org\jfree\chart\block\LabelBlock.java,org.jfree.chart.block,LabelBlock
..\jfreechart-master\jfreechart-master\src\main\java\org\jfree\chart\block\LengthConstraintType.java,org.jfree.chart.block,LengthConstraintType
..\jfreechart-master\jfreechart-master\src\main\java\org\jfree\chart\block\LineBorder.java,org.jfree.chart.block,LineBorder
..\jfreechart-master\jfreechart-master\src\main\java\org\jfree\chart\block\package-info.java,org.jfree.chart.block,package-info
..\jfreechart-master\jfreechart-master\src\main\java\org\jfree\chart\block\RectangleConstraint.java,org.jfree.chart.block,RectangleConstraint
..\jfreechart-master\jfreechart-master\src\main\java\org\jfree\chart\block\Size2D.java,org.jfree.chart.block,Size2D
..\jfreechart-master\jfreechart-master\src\main\java\org\jfree\chart\ChartColor.java,org.jfree.chart,ChartColor
..\jfreechart-master\jfreechart-master\src\main\java\org\jfree\chart\ChartElement.java,org.jfree.chart,ChartElement
..\jfreechart-master\jfreechart-master\src\main\java\org\jfree\chart\ChartElementVisitor.java,org.jfree.chart,ChartElementVisitor
..\jfreechart-master\jfreechart-master\src\main\java\org\jfree\chart\ChartFactory.java,org.jfree.chart,ChartFactory
..\jfreechart-master\jfreechart-master\src\main\java\org\jfree\chart\ChartHints.java,org.jfree.chart,ChartHints
..\jfreechart-master\jfreechart-master\src\main\java\org\jfree\chart\ChartRenderingInfo.java,org.jfree.chart,ChartRenderingInfo
..\jfreechart-master\jfreechart-master\src\main\java\org\jfree\chart\ChartTheme.java,org.jfree.chart,ChartTheme
..\jfreechart-master\jfreechart-master\src\main\java\org\jfree\chart\ChartTransferable.java,org.jfree.chart,ChartTransferable
..\jfreechart-master\jfreechart-master\src\main\java\org\jfree\chart\ChartUtils.java,org.jfree.chart,ChartUtils
..\jfreechart-master\jfreechart-master\src\main\java\org\jfree\chart\date\MonthConstants.java,org.jfree.chart.date,MonthConstants
..\jfreechart-master\jfreechart-master\src\main\java\org\jfree\chart\date\package-info.java,org.jfree.chart.date,package-info
..\jfreechart-master\jfreechart-master\src\main\java\org\jfree\chart\date\SerialDate.java,org.jfree.chart.date,SerialDate
..\jfreechart-master\jfreechart-master\src\main\java\org\jfree\chart\date\SpreadsheetDate.java,org.jfree.chart.date,SpreadsheetDate
..\jfreechart-master\jfreechart-master\src\main\java\org\jfree\chart\Drawable.java,org.jfree.chart,Drawable
..\jfreechart-master\jfreechart-master\src\main\java\org\jfree\chart\encoders\EncoderUtil.java,org.jfree.chart.encoders,EncoderUtil
..\jfreechart-master\jfreechart-master\src\main\java\org\jfree\chart\encoders\ImageEncoder.java,org.jfree.chart.encoders,ImageEncoder
..\jfreechart-master\jfreechart-master\src\main\java\org\jfree\chart\encoders\ImageEncoderFactory.java,org.jfree.chart.encoders,ImageEncoderFactory
..\jfreechart-master\jfreechart-master\src\main\java\org\jfree\chart\encoders\ImageFormat.java,org.jfree.chart.encoders,ImageFormat
..\jfreechart-master\jfreechart-master\src\main\java\org\jfree\chart\encoders\package-info.java,org.jfree.chart.encoders,package-info
..\jfreechart-master\jfreechart-master\src\main\java\org\jfree\chart\encoders\SunJPEGEncoderAdapter.java,org.jfree.chart.encoders,SunJPEGEncoderAdapter
..\jfreechart-master\jfreechart-master\src\main\java\org\jfree\chart\encoders\SunPNGEncoderAdapter.java,org.jfree.chart.encoders,SunPNGEncoderAdapter
..\jfreechart-master\jfreechart-master\src\main\java\org\jfree\chart\entity\AxisEntity.java,org.jfree.chart.entity,AxisEntity
..\jfreechart-master\jfreechart-master\src\main\java\org\jfree\chart\entity\CategoryItemEntity.java,org.jfree.chart.entity,CategoryItemEntity
..\jfreechart-master\jfreechart-master\src\main\java\org\jfree\chart\entity\CategoryLabelEntity.java,org.jfree.chart.entity,CategoryLabelEntity
..\jfreechart-master\jfreechart-master\src\main\java\org\jfree\chart\entity\ChartEntity.java,org.jfree.chart.entity,ChartEntity
..\jfreechart-master\jfreechart-master\src\main\java\org\jfree\chart\entity\EntityCollection.java,org.jfree.chart.entity,EntityCollection
..\jfreechart-master\jfreechart-master\src\main\java\org\jfree\chart\entity\FlowEntity.java,org.jfree.chart.entity,FlowEntity
..\jfreechart-master\jfreechart-master\src\main\java\org\jfree\chart\entity\JFreeChartEntity.java,org.jfree.chart.entity,JFreeChartEntity
..\jfreechart-master\jfreechart-master\src\main\java\org\jfree\chart\entity\LegendItemEntity.java,org.jfree.chart.entity,LegendItemEntity
..\jfreechart-master\jfreechart-master\src\main\java\org\jfree\chart\entity\NodeEntity.java,org.jfree.chart.entity,NodeEntity
..\jfreechart-master\jfreechart-master\src\main\java\org\jfree\chart\entity\package-info.java,org.jfree.chart.entity,package-info
..\jfreechart-master\jfreechart-master\src\main\java\org\jfree\chart\entity\PieSectionEntity.java,org.jfree.chart.entity,PieSectionEntity
..\jfreechart-master\jfreechart-master\src\main\java\org\jfree\chart\entity\PlotEntity.java,org.jfree.chart.entity,PlotEntity
..\jfreechart-master\jfreechart-master\src\main\java\org\jfree\chart\entity\StandardEntityCollection.java,org.jfree.chart.entity,StandardEntityCollection
..\jfreechart-master\jfreechart-master\src\main\java\org\jfree\chart\entity\TickLabelEntity.java,org.jfree.chart.entity,TickLabelEntity
..\jfreechart-master\jfreechart-master\src\main\java\org\jfree\chart\entity\TitleEntity.java,org.jfree.chart.entity,TitleEntity
..\jfreechart-master\jfreechart-master\src\main\java\org\jfree\chart\entity\XYAnnotationEntity.java,org.jfree.chart.entity,XYAnnotationEntity
..\jfreechart-master\jfreechart-master\src\main\java\org\jfree\chart\entity\XYItemEntity.java,org.jfree.chart.entity,XYItemEntity
..\jfreechart-master\jfreechart-master\src\main\java\org\jfree\chart\event\AnnotationChangeEvent.java,org.jfree.chart.event,AnnotationChangeEvent
..\jfreechart-master\jfreechart-master\src\main\java\org\jfree\chart\event\AnnotationChangeListener.java,org.jfree.chart.event,AnnotationChangeListener
..\jfreechart-master\jfreechart-master\src\main\java\org\jfree\chart\event\AxisChangeEvent.java,org.jfree.chart.event,AxisChangeEvent
..\jfreechart-master\jfreechart-master\src\main\java\org\jfree\chart\event\AxisChangeListener.java,org.jfree.chart.event,AxisChangeListener
..\jfreechart-master\jfreechart-master\src\main\java\org\jfree\chart\event\ChartChangeEvent.java,org.jfree.chart.event,ChartChangeEvent
..\jfreechart-master\jfreechart-master\src\main\java\org\jfree\chart\event\ChartChangeEventType.java,org.jfree.chart.event,ChartChangeEventType
..\jfreechart-master\jfreechart-master\src\main\java\org\jfree\chart\event\ChartChangeListener.java,org.jfree.chart.event,ChartChangeListener
..\jfreechart-master\jfreechart-master\src\main\java\org\jfree\chart\event\ChartProgressEvent.java,org.jfree.chart.event,ChartProgressEvent
..\jfreechart-master\jfreechart-master\src\main\java\org\jfree\chart\event\ChartProgressEventType.java,org.jfree.chart.event,ChartProgressEventType
..\jfreechart-master\jfreechart-master\src\main\java\org\jfree\chart\event\ChartProgressListener.java,org.jfree.chart.event,ChartProgressListener
..\jfreechart-master\jfreechart-master\src\main\java\org\jfree\chart\event\MarkerChangeEvent.java,org.jfree.chart.event,MarkerChangeEvent
..\jfreechart-master\jfreechart-master\src\main\java\org\jfree\chart\event\MarkerChangeListener.java,org.jfree.chart.event,MarkerChangeListener
..\jfreechart-master\jfreechart-master\src\main\java\org\jfree\chart\event\package-info.java,org.jfree.chart.event,package-info
..\jfreechart-master\jfreechart-master\src\main\java\org\jfree\chart\event\PlotChangeEvent.java,org.jfree.chart.event,PlotChangeEvent
..\jfreechart-master\jfreechart-master\src\main\java\org\jfree\chart\event\PlotChangeListener.java,org.jfree.chart.event,PlotChangeListener
..\jfreechart-master\jfreechart-master\src\main\java\org\jfree\chart\event\RendererChangeEvent.java,org.jfree.chart.event,RendererChangeEvent
..\jfreechart-master\jfreechart-master\src\main\java\org\jfree\chart\event\RendererChangeListener.java,org.jfree.chart.event,RendererChangeListener
..\jfreechart-master\jfreechart-master\src\main\java\org\jfree\chart\event\TitleChangeEvent.java,org.jfree.chart.event,TitleChangeEvent
..\jfreechart-master\jfreechart-master\src\main\java\org\jfree\chart\event\TitleChangeListener.java,org.jfree.chart.event,TitleChangeListener
..\jfreechart-master\jfreechart-master\src\main\java\org\jfree\chart\imagemap\DynamicDriveToolTipTagFragmentGenerator.java,org.jfree.chart.imagemap,DynamicDriveToolTipTagFragmentGenerator
..\jfreechart-master\jfreechart-master\src\main\java\org\jfree\chart\imagemap\ImageMapUtils.java,org.jfree.chart.imagemap,ImageMapUtils
..\jfreechart-master\jfreechart-master\src\main\java\org\jfree\chart\imagemap\OverLIBToolTipTagFragmentGenerator.java,org.jfree.chart.imagemap,OverLIBToolTipTagFragmentGenerator
..\jfreechart-master\jfreechart-master\src\main\java\org\jfree\chart\imagemap\package-info.java,org.jfree.chart.imagemap,package-info
..\jfreechart-master\jfreechart-master\src\main\java\org\jfree\chart\imagemap\StandardToolTipTagFragmentGenerator.java,org.jfree.chart.imagemap,StandardToolTipTagFragmentGenerator
..\jfreechart-master\jfreechart-master\src\main\java\org\jfree\chart\imagemap\StandardURLTagFragmentGenerator.java,org.jfree.chart.imagemap,StandardURLTagFragmentGenerator
..\jfreechart-master\jfreechart-master\src\main\java\org\jfree\chart\imagemap\ToolTipTagFragmentGenerator.java,org.jfree.chart.imagemap,ToolTipTagFragmentGenerator
..\jfreechart-master\jfreechart-master\src\main\java\org\jfree\chart\imagemap\URLTagFragmentGenerator.java,org.jfree.chart.imagemap,URLTagFragmentGenerator
..\jfreechart-master\jfreechart-master\src\main\java\org\jfree\chart\internal\Args.java,org.jfree.chart.internal,Args
..\jfreechart-master\jfreechart-master\src\main\java\org\jfree\chart\internal\ArrayUtils.java,org.jfree.chart.internal,ArrayUtils
..\jfreechart-master\jfreechart-master\src\main\java\org\jfree\chart\internal\CloneUtils.java,org.jfree.chart.internal,CloneUtils
..\jfreechart-master\jfreechart-master\src\main\java\org\jfree\chart\internal\HashUtils.java,org.jfree.chart.internal,HashUtils
..\jfreechart-master\jfreechart-master\src\main\java\org\jfree\chart\internal\LineUtils.java,org.jfree.chart.internal,LineUtils
..\jfreechart-master\jfreechart-master\src\main\java\org\jfree\chart\internal\package-info.java,org.jfree.chart.internal,package-info
..\jfreechart-master\jfreechart-master\src\main\java\org\jfree\chart\internal\PaintUtils.java,org.jfree.chart.internal,PaintUtils
..\jfreechart-master\jfreechart-master\src\main\java\org\jfree\chart\internal\SerialUtils.java,org.jfree.chart.internal,SerialUtils
..\jfreechart-master\jfreechart-master\src\main\java\org\jfree\chart\internal\ShapeUtils.java,org.jfree.chart.internal,ShapeUtils
..\jfreechart-master\jfreechart-master\src\main\java\org\jfree\chart\JFreeChart.java,org.jfree.chart,JFreeChart
..\jfreechart-master\jfreechart-master\src\main\java\org\jfree\chart\labels\AbstractCategoryItemLabelGenerator.java,org.jfree.chart.labels,AbstractCategoryItemLabelGenerator
..\jfreechart-master\jfreechart-master\src\main\java\org\jfree\chart\labels\AbstractPieItemLabelGenerator.java,org.jfree.chart.labels,AbstractPieItemLabelGenerator
..\jfreechart-master\jfreechart-master\src\main\java\org\jfree\chart\labels\AbstractXYItemLabelGenerator.java,org.jfree.chart.labels,AbstractXYItemLabelGenerator
..\jfreechart-master\jfreechart-master\src\main\java\org\jfree\chart\labels\BoxAndWhiskerToolTipGenerator.java,org.jfree.chart.labels,BoxAndWhiskerToolTipGenerator
..\jfreechart-master\jfreechart-master\src\main\java\org\jfree\chart\labels\BoxAndWhiskerXYToolTipGenerator.java,org.jfree.chart.labels,BoxAndWhiskerXYToolTipGenerator
..\jfreechart-master\jfreechart-master\src\main\java\org\jfree\chart\labels\BubbleXYItemLabelGenerator.java,org.jfree.chart.labels,BubbleXYItemLabelGenerator
..\jfreechart-master\jfreechart-master\src\main\java\org\jfree\chart\labels\CategoryItemLabelGenerator.java,org.jfree.chart.labels,CategoryItemLabelGenerator
..\jfreechart-master\jfreechart-master\src\main\java\org\jfree\chart\labels\CategorySeriesLabelGenerator.java,org.jfree.chart.labels,CategorySeriesLabelGenerator
..\jfreechart-master\jfreechart-master\src\main\java\org\jfree\chart\labels\CategoryToolTipGenerator.java,org.jfree.chart.labels,CategoryToolTipGenerator
..\jfreechart-master\jfreechart-master\src\main\java\org\jfree\chart\labels\CrosshairLabelGenerator.java,org.jfree.chart.labels,CrosshairLabelGenerator
..\jfreechart-master\jfreechart-master\src\main\java\org\jfree\chart\labels\CustomXYToolTipGenerator.java,org.jfree.chart.labels,CustomXYToolTipGenerator
..\jfreechart-master\jfreechart-master\src\main\java\org\jfree\chart\labels\FlowLabelGenerator.java,org.jfree.chart.labels,FlowLabelGenerator
..\jfreechart-master\jfreechart-master\src\main\java\org\jfree\chart\labels\HighLowItemLabelGenerator.java,org.jfree.chart.labels,HighLowItemLabelGenerator
..\jfreechart-master\jfreechart-master\src\main\java\org\jfree\chart\labels\IntervalCategoryItemLabelGenerator.java,org.jfree.chart.labels,IntervalCategoryItemLabelGenerator
..\jfreechart-master\jfreechart-master\src\main\java\org\jfree\chart\labels\IntervalCategoryToolTipGenerator.java,org.jfree.chart.labels,IntervalCategoryToolTipGenerator
..\jfreechart-master\jfreechart-master\src\main\java\org\jfree\chart\labels\IntervalXYItemLabelGenerator.java,org.jfree.chart.labels,IntervalXYItemLabelGenerator
..\jfreechart-master\jfreechart-master\src\main\java\org\jfree\chart\labels\IntervalXYToolTipGenerator.java,org.jfree.chart.labels,IntervalXYToolTipGenerator
..\jfreechart-master\jfreechart-master\src\main\java\org\jfree\chart\labels\ItemLabelAnchor.java,org.jfree.chart.labels,ItemLabelAnchor
..\jfreechart-master\jfreechart-master\src\main\java\org\jfree\chart\labels\ItemLabelPosition.java,org.jfree.chart.labels,ItemLabelPosition
..\jfreechart-master\jfreechart-master\src\main\java\org\jfree\chart\labels\MultipleXYSeriesLabelGenerator.java,org.jfree.chart.labels,MultipleXYSeriesLabelGenerator
..\jfreechart-master\jfreechart-master\src\main\java\org\jfree\chart\labels\package-info.java,org.jfree.chart.labels,package-info
..\jfreechart-master\jfreechart-master\src\main\java\org\jfree\chart\labels\PieSectionLabelGenerator.java,org.jfree.chart.labels,PieSectionLabelGenerator
..\jfreechart-master\jfreechart-master\src\main\java\org\jfree\chart\labels\PieToolTipGenerator.java,org.jfree.chart.labels,PieToolTipGenerator
..\jfreechart-master\jfreechart-master\src\main\java\org\jfree\chart\labels\StandardCategoryItemLabelGenerator.java,org.jfree.chart.labels,StandardCategoryItemLabelGenerator
..\jfreechart-master\jfreechart-master\src\main\java\org\jfree\chart\labels\StandardCategorySeriesLabelGenerator.java,org.jfree.chart.labels,StandardCategorySeriesLabelGenerator
..\jfreechart-master\jfreechart-master\src\main\java\org\jfree\chart\labels\StandardCategoryToolTipGenerator.java,org.jfree.chart.labels,StandardCategoryToolTipGenerator
..\jfreechart-master\jfreechart-master\src\main\java\org\jfree\chart\labels\StandardCrosshairLabelGenerator.java,org.jfree.chart.labels,StandardCrosshairLabelGenerator
..\jfreechart-master\jfreechart-master\src\main\java\org\jfree\chart\labels\StandardFlowLabelGenerator.java,org.jfree.chart.labels,StandardFlowLabelGenerator
..\jfreechart-master\jfreechart-master\src\main\java\org\jfree\chart\labels\StandardPieSectionLabelGenerator.java,org.jfree.chart.labels,StandardPieSectionLabelGenerator
..\jfreechart-master\jfreechart-master\src\main\java\org\jfree\chart\labels\StandardPieToolTipGenerator.java,org.jfree.chart.labels,StandardPieToolTipGenerator
..\jfreechart-master\jfreechart-master\src\main\java\org\jfree\chart\labels\StandardXYItemLabelGenerator.java,org.jfree.chart.labels,StandardXYItemLabelGenerator
..\jfreechart-master\jfreechart-master\src\main\java\org\jfree\chart\labels\StandardXYSeriesLabelGenerator.java,org.jfree.chart.labels,StandardXYSeriesLabelGenerator
..\jfreechart-master\jfreechart-master\src\main\java\org\jfree\chart\labels\StandardXYToolTipGenerator.java,org.jfree.chart.labels,StandardXYToolTipGenerator
..\jfreechart-master\jfreechart-master\src\main\java\org\jfree\chart\labels\StandardXYZToolTipGenerator.java,org.jfree.chart.labels,StandardXYZToolTipGenerator
..\jfreechart-master\jfreechart-master\src\main\java\org\jfree\chart\labels\SymbolicXYItemLabelGenerator.java,org.jfree.chart.labels,SymbolicXYItemLabelGenerator
..\jfreechart-master\jfreechart-master\src\main\java\org\jfree\chart\labels\XYItemLabelGenerator.java,org.jfree.chart.labels,XYItemLabelGenerator
..\jfreechart-master\jfreechart-master\src\main\java\org\jfree\chart\labels\XYSeriesLabelGenerator.java,org.jfree.chart.labels,XYSeriesLabelGenerator
..\jfreechart-master\jfreechart-master\src\main\java\org\jfree\chart\labels\XYToolTipGenerator.java,org.jfree.chart.labels,XYToolTipGenerator
..\jfreechart-master\jfreechart-master\src\main\java\org\jfree\chart\labels\XYZToolTipGenerator.java,org.jfree.chart.labels,XYZToolTipGenerator
..\jfreechart-master\jfreechart-master\src\main\java\org\jfree\chart\legend\LegendGraphic.java,org.jfree.chart.legend,LegendGraphic
..\jfreechart-master\jfreechart-master\src\main\java\org\jfree\chart\legend\LegendItem.java,org.jfree.chart.legend,LegendItem
..\jfreechart-master\jfreechart-master\src\main\java\org\jfree\chart\legend\LegendItemBlockContainer.java,org.jfree.chart.legend,LegendItemBlockContainer
..\jfreechart-master\jfreechart-master\src\main\java\org\jfree\chart\legend\LegendItemCollection.java,org.jfree.chart.legend,LegendItemCollection
..\jfreechart-master\jfreechart-master\src\main\java\org\jfree\chart\legend\LegendItemSource.java,org.jfree.chart.legend,LegendItemSource
..\jfreechart-master\jfreechart-master\src\main\java\org\jfree\chart\legend\LegendRenderingOrder.java,org.jfree.chart.legend,LegendRenderingOrder
..\jfreechart-master\jfreechart-master\src\main\java\org\jfree\chart\legend\LegendTitle.java,org.jfree.chart.legend,LegendTitle
..\jfreechart-master\jfreechart-master\src\main\java\org\jfree\chart\legend\package-info.java,org.jfree.chart.legend,package-info
..\jfreechart-master\jfreechart-master\src\main\java\org\jfree\chart\legend\PaintScaleLegend.java,org.jfree.chart.legend,PaintScaleLegend
..\jfreechart-master\jfreechart-master\src\main\java\org\jfree\chart\package-info.java,org.jfree.chart,package-info
..\jfreechart-master\jfreechart-master\src\main\java\org\jfree\chart\plot\CategoryCrosshairState.java,org.jfree.chart.plot,CategoryCrosshairState
..\jfreechart-master\jfreechart-master\src\main\java\org\jfree\chart\plot\CategoryMarker.java,org.jfree.chart.plot,CategoryMarker
..\jfreechart-master\jfreechart-master\src\main\java\org\jfree\chart\plot\CategoryPlot.java,org.jfree.chart.plot,CategoryPlot
..\jfreechart-master\jfreechart-master\src\main\java\org\jfree\chart\plot\CenterTextMode.java,org.jfree.chart.plot,CenterTextMode
..\jfreechart-master\jfreechart-master\src\main\java\org\jfree\chart\plot\CombinedDomainCategoryPlot.java,org.jfree.chart.plot,CombinedDomainCategoryPlot
..\jfreechart-master\jfreechart-master\src\main\java\org\jfree\chart\plot\CombinedDomainXYPlot.java,org.jfree.chart.plot,CombinedDomainXYPlot
..\jfreechart-master\jfreechart-master\src\main\java\org\jfree\chart\plot\CombinedRangeCategoryPlot.java,org.jfree.chart.plot,CombinedRangeCategoryPlot
..\jfreechart-master\jfreechart-master\src\main\java\org\jfree\chart\plot\CombinedRangeXYPlot.java,org.jfree.chart.plot,CombinedRangeXYPlot
..\jfreechart-master\jfreechart-master\src\main\java\org\jfree\chart\plot\compass\ArrowNeedle.java,org.jfree.chart.plot.compass,ArrowNeedle
..\jfreechart-master\jfreechart-master\src\main\java\org\jfree\chart\plot\compass\CompassPlot.java,org.jfree.chart.plot.compass,CompassPlot
..\jfreechart-master\jfreechart-master\src\main\java\org\jfree\chart\plot\compass\LineNeedle.java,org.jfree.chart.plot.compass,LineNeedle
..\jfreechart-master\jfreechart-master\src\main\java\org\jfree\chart\plot\compass\LongNeedle.java,org.jfree.chart.plot.compass,LongNeedle
..\jfreechart-master\jfreechart-master\src\main\java\org\jfree\chart\plot\compass\MeterNeedle.java,org.jfree.chart.plot.compass,MeterNeedle
..\jfreechart-master\jfreechart-master\src\main\java\org\jfree\chart\plot\compass\MiddlePinNeedle.java,org.jfree.chart.plot.compass,MiddlePinNeedle
..\jfreechart-master\jfreechart-master\src\main\java\org\jfree\chart\plot\compass\package-info.java,org.jfree.chart.plot.compass,package-info
..\jfreechart-master\jfreechart-master\src\main\java\org\jfree\chart\plot\compass\PinNeedle.java,org.jfree.chart.plot.compass,PinNeedle
..\jfreechart-master\jfreechart-master\src\main\java\org\jfree\chart\plot\compass\PlumNeedle.java,org.jfree.chart.plot.compass,PlumNeedle
..\jfreechart-master\jfreechart-master\src\main\java\org\jfree\chart\plot\compass\PointerNeedle.java,org.jfree.chart.plot.compass,PointerNeedle
..\jfreechart-master\jfreechart-master\src\main\java\org\jfree\chart\plot\compass\ShipNeedle.java,org.jfree.chart.plot.compass,ShipNeedle
..\jfreechart-master\jfreechart-master\src\main\java\org\jfree\chart\plot\compass\WindNeedle.java,org.jfree.chart.plot.compass,WindNeedle
..\jfreechart-master\jfreechart-master\src\main\java\org\jfree\chart\plot\Crosshair.java,org.jfree.chart.plot,Crosshair
..\jfreechart-master\jfreechart-master\src\main\java\org\jfree\chart\plot\CrosshairState.java,org.jfree.chart.plot,CrosshairState
..\jfreechart-master\jfreechart-master\src\main\java\org\jfree\chart\plot\DatasetRenderingOrder.java,org.jfree.chart.plot,DatasetRenderingOrder
..\jfreechart-master\jfreechart-master\src\main\java\org\jfree\chart\plot\DefaultDrawingSupplier.java,org.jfree.chart.plot,DefaultDrawingSupplier
..\jfreechart-master\jfreechart-master\src\main\java\org\jfree\chart\plot\dial\AbstractDialLayer.java,org.jfree.chart.plot.dial,AbstractDialLayer
..\jfreechart-master\jfreechart-master\src\main\java\org\jfree\chart\plot\dial\ArcDialFrame.java,org.jfree.chart.plot.dial,ArcDialFrame
..\jfreechart-master\jfreechart-master\src\main\java\org\jfree\chart\plot\dial\DialBackground.java,org.jfree.chart.plot.dial,DialBackground
..\jfreechart-master\jfreechart-master\src\main\java\org\jfree\chart\plot\dial\DialCap.java,org.jfree.chart.plot.dial,DialCap
..\jfreechart-master\jfreechart-master\src\main\java\org\jfree\chart\plot\dial\DialFrame.java,org.jfree.chart.plot.dial,DialFrame
..\jfreechart-master\jfreechart-master\src\main\java\org\jfree\chart\plot\dial\DialLayer.java,org.jfree.chart.plot.dial,DialLayer
..\jfreechart-master\jfreechart-master\src\main\java\org\jfree\chart\plot\dial\DialLayerChangeEvent.java,org.jfree.chart.plot.dial,DialLayerChangeEvent
..\jfreechart-master\jfreechart-master\src\main\java\org\jfree\chart\plot\dial\DialLayerChangeListener.java,org.jfree.chart.plot.dial,DialLayerChangeListener
..\jfreechart-master\jfreechart-master\src\main\java\org\jfree\chart\plot\dial\DialPlot.java,org.jfree.chart.plot.dial,DialPlot
..\jfreechart-master\jfreechart-master\src\main\java\org\jfree\chart\plot\dial\DialPointer.java,org.jfree.chart.plot.dial,DialPointer
..\jfreechart-master\jfreechart-master\src\main\java\org\jfree\chart\plot\dial\DialScale.java,org.jfree.chart.plot.dial,DialScale
..\jfreechart-master\jfreechart-master\src\main\java\org\jfree\chart\plot\dial\DialTextAnnotation.java,org.jfree.chart.plot.dial,DialTextAnnotation
..\jfreechart-master\jfreechart-master\src\main\java\org\jfree\chart\plot\dial\DialValueIndicator.java,org.jfree.chart.plot.dial,DialValueIndicator
..\jfreechart-master\jfreechart-master\src\main\java\org\jfree\chart\plot\dial\package-info.java,org.jfree.chart.plot.dial,package-info
..\jfreechart-master\jfreechart-master\src\main\java\org\jfree\chart\plot\dial\StandardDialFrame.java,org.jfree.chart.plot.dial,StandardDialFrame
..\jfreechart-master\jfreechart-master\src\main\java\org\jfree\chart\plot\dial\StandardDialRange.java,org.jfree.chart.plot.dial,StandardDialRange
..\jfreechart-master\jfreechart-master\src\main\java\org\jfree\chart\plot\dial\StandardDialScale.java,org.jfree.chart.plot.dial,StandardDialScale
..\jfreechart-master\jfreechart-master\src\main\java\org\jfree\chart\plot\DialShape.java,org.jfree.chart.plot,DialShape
..\jfreechart-master\jfreechart-master\src\main\java\org\jfree\chart\plot\DrawingSupplier.java,org.jfree.chart.plot,DrawingSupplier
..\jfreechart-master\jfreechart-master\src\main\java\org\jfree\chart\plot\FastScatterPlot.java,org.jfree.chart.plot,FastScatterPlot
..\jfreechart-master\jfreechart-master\src\main\java\org\jfree\chart\plot\flow\FlowPlot.java,org.jfree.chart.plot.flow,FlowPlot
..\jfreechart-master\jfreechart-master\src\main\java\org\jfree\chart\plot\flow\package-info.java,org.jfree.chart.plot.flow,package-info
..\jfreechart-master\jfreechart-master\src\main\java\org\jfree\chart\plot\IntervalMarker.java,org.jfree.chart.plot,IntervalMarker
..\jfreechart-master\jfreechart-master\src\main\java\org\jfree\chart\plot\Marker.java,org.jfree.chart.plot,Marker
..\jfreechart-master\jfreechart-master\src\main\java\org\jfree\chart\plot\MeterInterval.java,org.jfree.chart.plot,MeterInterval
..\jfreechart-master\jfreechart-master\src\main\java\org\jfree\chart\plot\MeterPlot.java,org.jfree.chart.plot,MeterPlot
..\jfreechart-master\jfreechart-master\src\main\java\org\jfree\chart\plot\package-info.java,org.jfree.chart.plot,package-info
..\jfreechart-master\jfreechart-master\src\main\java\org\jfree\chart\plot\Pannable.java,org.jfree.chart.plot,Pannable
..\jfreechart-master\jfreechart-master\src\main\java\org\jfree\chart\plot\pie\AbstractPieLabelDistributor.java,org.jfree.chart.plot.pie,AbstractPieLabelDistributor
..\jfreechart-master\jfreechart-master\src\main\java\org\jfree\chart\plot\pie\MultiplePiePlot.java,org.jfree.chart.plot.pie,MultiplePiePlot
..\jfreechart-master\jfreechart-master\src\main\java\org\jfree\chart\plot\pie\package-info.java,org.jfree.chart.plot.pie,package-info
..\jfreechart-master\jfreechart-master\src\main\java\org\jfree\chart\plot\pie\PieLabelDistributor.java,org.jfree.chart.plot.pie,PieLabelDistributor
..\jfreechart-master\jfreechart-master\src\main\java\org\jfree\chart\plot\pie\PieLabelLinkStyle.java,org.jfree.chart.plot.pie,PieLabelLinkStyle
..\jfreechart-master\jfreechart-master\src\main\java\org\jfree\chart\plot\pie\PieLabelRecord.java,org.jfree.chart.plot.pie,PieLabelRecord
..\jfreechart-master\jfreechart-master\src\main\java\org\jfree\chart\plot\pie\PiePlot.java,org.jfree.chart.plot.pie,PiePlot
..\jfreechart-master\jfreechart-master\src\main\java\org\jfree\chart\plot\pie\PiePlotState.java,org.jfree.chart.plot.pie,PiePlotState
..\jfreechart-master\jfreechart-master\src\main\java\org\jfree\chart\plot\Plot.java,org.jfree.chart.plot,Plot
..\jfreechart-master\jfreechart-master\src\main\java\org\jfree\chart\plot\PlotOrientation.java,org.jfree.chart.plot,PlotOrientation
..\jfreechart-master\jfreechart-master\src\main\java\org\jfree\chart\plot\PlotRenderingInfo.java,org.jfree.chart.plot,PlotRenderingInfo
..\jfreechart-master\jfreechart-master\src\main\java\org\jfree\chart\plot\PlotState.java,org.jfree.chart.plot,PlotState
..\jfreechart-master\jfreechart-master\src\main\java\org\jfree\chart\plot\PolarAxisLocation.java,org.jfree.chart.plot,PolarAxisLocation
..\jfreechart-master\jfreechart-master\src\main\java\org\jfree\chart\plot\PolarPlot.java,org.jfree.chart.plot,PolarPlot
..\jfreechart-master\jfreechart-master\src\main\java\org\jfree\chart\plot\RingPlot.java,org.jfree.chart.plot,RingPlot
..\jfreechart-master\jfreechart-master\src\main\java\org\jfree\chart\plot\SeriesRenderingOrder.java,org.jfree.chart.plot,SeriesRenderingOrder
..\jfreechart-master\jfreechart-master\src\main\java\org\jfree\chart\plot\SpiderWebPlot.java,org.jfree.chart.plot,SpiderWebPlot
..\jfreechart-master\jfreechart-master\src\main\java\org\jfree\chart\plot\ThermometerPlot.java,org.jfree.chart.plot,ThermometerPlot
..\jfreechart-master\jfreechart-master\src\main\java\org\jfree\chart\plot\ValueAxisPlot.java,org.jfree.chart.plot,ValueAxisPlot
..\jfreechart-master\jfreechart-master\src\main\java\org\jfree\chart\plot\ValueMarker.java,org.jfree.chart.plot,ValueMarker
..\jfreechart-master\jfreechart-master\src\main\java\org\jfree\chart\plot\WaferMapPlot.java,org.jfree.chart.plot,WaferMapPlot
..\jfreechart-master\jfreechart-master\src\main\java\org\jfree\chart\plot\XYCrosshairState.java,org.jfree.chart.plot,XYCrosshairState
..\jfreechart-master\jfreechart-master\src\main\java\org\jfree\chart\plot\XYPlot.java,org.jfree.chart.plot,XYPlot
..\jfreechart-master\jfreechart-master\src\main\java\org\jfree\chart\plot\Zoomable.java,org.jfree.chart.plot,Zoomable
..\jfreechart-master\jfreechart-master\src\main\java\org\jfree\chart\renderer\AbstractRenderer.java,org.jfree.chart.renderer,AbstractRenderer
..\jfreechart-master\jfreechart-master\src\main\java\org\jfree\chart\renderer\AreaRendererEndType.java,org.jfree.chart.renderer,AreaRendererEndType
..\jfreechart-master\jfreechart-master\src\main\java\org\jfree\chart\renderer\category\AbstractCategoryItemRenderer.java,org.jfree.chart.renderer.category,AbstractCategoryItemRenderer
..\jfreechart-master\jfreechart-master\src\main\java\org\jfree\chart\renderer\category\AreaRenderer.java,org.jfree.chart.renderer.category,AreaRenderer
..\jfreechart-master\jfreechart-master\src\main\java\org\jfree\chart\renderer\category\BarPainter.java,org.jfree.chart.renderer.category,BarPainter
..\jfreechart-master\jfreechart-master\src\main\java\org\jfree\chart\renderer\category\BarRenderer.java,org.jfree.chart.renderer.category,BarRenderer
..\jfreechart-master\jfreechart-master\src\main\java\org\jfree\chart\renderer\category\BoxAndWhiskerRenderer.java,org.jfree.chart.renderer.category,BoxAndWhiskerRenderer
..\jfreechart-master\jfreechart-master\src\main\java\org\jfree\chart\renderer\category\CategoryItemRenderer.java,org.jfree.chart.renderer.category,CategoryItemRenderer
..\jfreechart-master\jfreechart-master\src\main\java\org\jfree\chart\renderer\category\CategoryItemRendererState.java,org.jfree.chart.renderer.category,CategoryItemRendererState
..\jfreechart-master\jfreechart-master\src\main\java\org\jfree\chart\renderer\category\CategoryStepRenderer.java,org.jfree.chart.renderer.category,CategoryStepRenderer
..\jfreechart-master\jfreechart-master\src\main\java\org\jfree\chart\renderer\category\DefaultCategoryItemRenderer.java,org.jfree.chart.renderer.category,DefaultCategoryItemRenderer
..\jfreechart-master\jfreechart-master\src\main\java\org\jfree\chart\renderer\category\GanttRenderer.java,org.jfree.chart.renderer.category,GanttRenderer
..\jfreechart-master\jfreechart-master\src\main\java\org\jfree\chart\renderer\category\GradientBarPainter.java,org.jfree.chart.renderer.category,GradientBarPainter
..\jfreechart-master\jfreechart-master\src\main\java\org\jfree\chart\renderer\category\GroupedStackedBarRenderer.java,org.jfree.chart.renderer.category,GroupedStackedBarRenderer
..\jfreechart-master\jfreechart-master\src\main\java\org\jfree\chart\renderer\category\IntervalBarRenderer.java,org.jfree.chart.renderer.category,IntervalBarRenderer
..\jfreechart-master\jfreechart-master\src\main\java\org\jfree\chart\renderer\category\LayeredBarRenderer.java,org.jfree.chart.renderer.category,LayeredBarRenderer
..\jfreechart-master\jfreechart-master\src\main\java\org\jfree\chart\renderer\category\LevelRenderer.java,org.jfree.chart.renderer.category,LevelRenderer
..\jfreechart-master\jfreechart-master\src\main\java\org\jfree\chart\renderer\category\LineAndShapeRenderer.java,org.jfree.chart.renderer.category,LineAndShapeRenderer
..\jfreechart-master\jfreechart-master\src\main\java\org\jfree\chart\renderer\category\MinMaxCategoryRenderer.java,org.jfree.chart.renderer.category,MinMaxCategoryRenderer
..\jfreechart-master\jfreechart-master\src\main\java\org\jfree\chart\renderer\category\package-info.java,org.jfree.chart.renderer.category,package-info
..\jfreechart-master\jfreechart-master\src\main\java\org\jfree\chart\renderer\category\ScatterRenderer.java,org.jfree.chart.renderer.category,ScatterRenderer
..\jfreechart-master\jfreechart-master\src\main\java\org\jfree\chart\renderer\category\StackedAreaRenderer.java,org.jfree.chart.renderer.category,StackedAreaRenderer
..\jfreechart-master\jfreechart-master\src\main\java\org\jfree\chart\renderer\category\StackedBarRenderer.java,org.jfree.chart.renderer.category,StackedBarRenderer
..\jfreechart-master\jfreechart-master\src\main\java\org\jfree\chart\renderer\category\StandardBarPainter.java,org.jfree.chart.renderer.category,StandardBarPainter
..\jfreechart-master\jfreechart-master\src\main\java\org\jfree\chart\renderer\category\StatisticalBarRenderer.java,org.jfree.chart.renderer.category,StatisticalBarRenderer
..\jfreechart-master\jfreechart-master\src\main\java\org\jfree\chart\renderer\category\StatisticalLineAndShapeRenderer.java,org.jfree.chart.renderer.category,StatisticalLineAndShapeRenderer
..\jfreechart-master\jfreechart-master\src\main\java\org\jfree\chart\renderer\category\WaterfallBarRenderer.java,org.jfree.chart.renderer.category,WaterfallBarRenderer
..\jfreechart-master\jfreechart-master\src\main\java\org\jfree\chart\renderer\DefaultPolarItemRenderer.java,org.jfree.chart.renderer,DefaultPolarItemRenderer
..\jfreechart-master\jfreechart-master\src\main\java\org\jfree\chart\renderer\GrayPaintScale.java,org.jfree.chart.renderer,GrayPaintScale
..\jfreechart-master\jfreechart-master\src\main\java\org\jfree\chart\renderer\LookupPaintScale.java,org.jfree.chart.renderer,LookupPaintScale
..\jfreechart-master\jfreechart-master\src\main\java\org\jfree\chart\renderer\NotOutlierException.java,org.jfree.chart.renderer,NotOutlierException
..\jfreechart-master\jfreechart-master\src\main\java\org\jfree\chart\renderer\Outlier.java,org.jfree.chart.renderer,Outlier
..\jfreechart-master\jfreechart-master\src\main\java\org\jfree\chart\renderer\OutlierList.java,org.jfree.chart.renderer,OutlierList
..\jfreechart-master\jfreechart-master\src\main\java\org\jfree\chart\renderer\OutlierListCollection.java,org.jfree.chart.renderer,OutlierListCollection
..\jfreechart-master\jfreechart-master\src\main\java\org\jfree\chart\renderer\package-info.java,org.jfree.chart.renderer,package-info
..\jfreechart-master\jfreechart-master\src\main\java\org\jfree\chart\renderer\PaintScale.java,org.jfree.chart.renderer,PaintScale
..\jfreechart-master\jfreechart-master\src\main\java\org\jfree\chart\renderer\PolarItemRenderer.java,org.jfree.chart.renderer,PolarItemRenderer
..\jfreechart-master\jfreechart-master\src\main\java\org\jfree\chart\renderer\RendererState.java,org.jfree.chart.renderer,RendererState
..\jfreechart-master\jfreechart-master\src\main\java\org\jfree\chart\renderer\RendererUtils.java,org.jfree.chart.renderer,RendererUtils
..\jfreechart-master\jfreechart-master\src\main\java\org\jfree\chart\renderer\WaferMapRenderer.java,org.jfree.chart.renderer,WaferMapRenderer
..\jfreechart-master\jfreechart-master\src\main\java\org\jfree\chart\renderer\xy\AbstractXYItemRenderer.java,org.jfree.chart.renderer.xy,AbstractXYItemRenderer
..\jfreechart-master\jfreechart-master\src\main\java\org\jfree\chart\renderer\xy\CandlestickRenderer.java,org.jfree.chart.renderer.xy,CandlestickRenderer
..\jfreechart-master\jfreechart-master\src\main\java\org\jfree\chart\renderer\xy\ClusteredXYBarRenderer.java,org.jfree.chart.renderer.xy,ClusteredXYBarRenderer
..\jfreechart-master\jfreechart-master\src\main\java\org\jfree\chart\renderer\xy\CyclicXYItemRenderer.java,org.jfree.chart.renderer.xy,CyclicXYItemRenderer
..\jfreechart-master\jfreechart-master\src\main\java\org\jfree\chart\renderer\xy\DefaultXYItemRenderer.java,org.jfree.chart.renderer.xy,DefaultXYItemRenderer
..\jfreechart-master\jfreechart-master\src\main\java\org\jfree\chart\renderer\xy\DeviationRenderer.java,org.jfree.chart.renderer.xy,DeviationRenderer
..\jfreechart-master\jfreechart-master\src\main\java\org\jfree\chart\renderer\xy\DeviationStepRenderer.java,org.jfree.chart.renderer.xy,DeviationStepRenderer
..\jfreechart-master\jfreechart-master\src\main\java\org\jfree\chart\renderer\xy\GradientXYBarPainter.java,org.jfree.chart.renderer.xy,GradientXYBarPainter
..\jfreechart-master\jfreechart-master\src\main\java\org\jfree\chart\renderer\xy\HighLowRenderer.java,org.jfree.chart.renderer.xy,HighLowRenderer
..\jfreechart-master\jfreechart-master\src\main\java\org\jfree\chart\renderer\xy\package-info.java,org.jfree.chart.renderer.xy,package-info
..\jfreechart-master\jfreechart-master\src\main\java\org\jfree\chart\renderer\xy\SamplingXYLineRenderer.java,org.jfree.chart.renderer.xy,SamplingXYLineRenderer
..\jfreechart-master\jfreechart-master\src\main\java\org\jfree\chart\renderer\xy\StackedXYAreaRenderer.java,org.jfree.chart.renderer.xy,StackedXYAreaRenderer
..\jfreechart-master\jfreechart-master\src\main\java\org\jfree\chart\renderer\xy\StackedXYAreaRenderer2.java,org.jfree.chart.renderer.xy,StackedXYAreaRenderer2
..\jfreechart-master\jfreechart-master\src\main\java\org\jfree\chart\renderer\xy\StackedXYBarRenderer.java,org.jfree.chart.renderer.xy,StackedXYBarRenderer
..\jfreechart-master\jfreechart-master\src\main\java\org\jfree\chart\renderer\xy\StandardXYBarPainter.java,org.jfree.chart.renderer.xy,StandardXYBarPainter
..\jfreechart-master\jfreechart-master\src\main\java\org\jfree\chart\renderer\xy\StandardXYItemRenderer.java,org.jfree.chart.renderer.xy,StandardXYItemRenderer
..\jfreechart-master\jfreechart-master\src\main\java\org\jfree\chart\renderer\xy\VectorRenderer.java,org.jfree.chart.renderer.xy,VectorRenderer
..\jfreechart-master\jfreechart-master\src\main\java\org\jfree\chart\renderer\xy\WindItemRenderer.java,org.jfree.chart.renderer.xy,WindItemRenderer
..\jfreechart-master\jfreechart-master\src\main\java\org\jfree\chart\renderer\xy\XYAreaRenderer.java,org.jfree.chart.renderer.xy,XYAreaRenderer
..\jfreechart-master\jfreechart-master\src\main\java\org\jfree\chart\renderer\xy\XYAreaRenderer2.java,org.jfree.chart.renderer.xy,XYAreaRenderer2
..\jfreechart-master\jfreechart-master\src\main\java\org\jfree\chart\renderer\xy\XYBarPainter.java,org.jfree.chart.renderer.xy,XYBarPainter
..\jfreechart-master\jfreechart-master\src\main\java\org\jfree\chart\renderer\xy\XYBarRenderer.java,org.jfree.chart.renderer.xy,XYBarRenderer
..\jfreechart-master\jfreechart-master\src\main\java\org\jfree\chart\renderer\xy\XYBlockRenderer.java,org.jfree.chart.renderer.xy,XYBlockRenderer
..\jfreechart-master\jfreechart-master\src\main\java\org\jfree\chart\renderer\xy\XYBoxAndWhiskerRenderer.java,org.jfree.chart.renderer.xy,XYBoxAndWhiskerRenderer
..\jfreechart-master\jfreechart-master\src\main\java\org\jfree\chart\renderer\xy\XYBubbleRenderer.java,org.jfree.chart.renderer.xy,XYBubbleRenderer
..\jfreechart-master\jfreechart-master\src\main\java\org\jfree\chart\renderer\xy\XYDifferenceRenderer.java,org.jfree.chart.renderer.xy,XYDifferenceRenderer
..\jfreechart-master\jfreechart-master\src\main\java\org\jfree\chart\renderer\xy\XYDotRenderer.java,org.jfree.chart.renderer.xy,XYDotRenderer
..\jfreechart-master\jfreechart-master\src\main\java\org\jfree\chart\renderer\xy\XYErrorRenderer.java,org.jfree.chart.renderer.xy,XYErrorRenderer
..\jfreechart-master\jfreechart-master\src\main\java\org\jfree\chart\renderer\xy\XYItemRenderer.java,org.jfree.chart.renderer.xy,XYItemRenderer
..\jfreechart-master\jfreechart-master\src\main\java\org\jfree\chart\renderer\xy\XYItemRendererState.java,org.jfree.chart.renderer.xy,XYItemRendererState
..\jfreechart-master\jfreechart-master\src\main\java\org\jfree\chart\renderer\xy\XYLineAndShapeRenderer.java,org.jfree.chart.renderer.xy,XYLineAndShapeRenderer
..\jfreechart-master\jfreechart-master\src\main\java\org\jfree\chart\renderer\xy\XYShapeRenderer.java,org.jfree.chart.renderer.xy,XYShapeRenderer
..\jfreechart-master\jfreechart-master\src\main\java\org\jfree\chart\renderer\xy\XYSplineRenderer.java,org.jfree.chart.renderer.xy,XYSplineRenderer
..\jfreechart-master\jfreechart-master\src\main\java\org\jfree\chart\renderer\xy\XYStepAreaRenderer.java,org.jfree.chart.renderer.xy,XYStepAreaRenderer
..\jfreechart-master\jfreechart-master\src\main\java\org\jfree\chart\renderer\xy\XYStepRenderer.java,org.jfree.chart.renderer.xy,XYStepRenderer
..\jfreechart-master\jfreechart-master\src\main\java\org\jfree\chart\renderer\xy\YIntervalRenderer.java,org.jfree.chart.renderer.xy,YIntervalRenderer
..\jfreechart-master\jfreechart-master\src\main\java\org\jfree\chart\StandardChartTheme.java,org.jfree.chart,StandardChartTheme
..\jfreechart-master\jfreechart-master\src\main\java\org\jfree\chart\swing\AbstractOverlay.java,org.jfree.chart.swing,AbstractOverlay
..\jfreechart-master\jfreechart-master\src\main\java\org\jfree\chart\swing\ApplicationFrame.java,org.jfree.chart.swing,ApplicationFrame
..\jfreechart-master\jfreechart-master\src\main\java\org\jfree\chart\swing\ChartFrame.java,org.jfree.chart.swing,ChartFrame
..\jfreechart-master\jfreechart-master\src\main\java\org\jfree\chart\swing\ChartMouseEvent.java,org.jfree.chart.swing,ChartMouseEvent
..\jfreechart-master\jfreechart-master\src\main\java\org\jfree\chart\swing\ChartMouseListener.java,org.jfree.chart.swing,ChartMouseListener
..\jfreechart-master\jfreechart-master\src\main\java\org\jfree\chart\swing\ChartPanel.java,org.jfree.chart.swing,ChartPanel
..\jfreechart-master\jfreechart-master\src\main\java\org\jfree\chart\swing\CrosshairOverlay.java,org.jfree.chart.swing,CrosshairOverlay
..\jfreechart-master\jfreechart-master\src\main\java\org\jfree\chart\swing\DefaultSelectionZoomStrategy.java,org.jfree.chart.swing,DefaultSelectionZoomStrategy
..\jfreechart-master\jfreechart-master\src\main\java\org\jfree\chart\swing\editor\ChartEditor.java,org.jfree.chart.swing.editor,ChartEditor
..\jfreechart-master\jfreechart-master\src\main\java\org\jfree\chart\swing\editor\ChartEditorFactory.java,org.jfree.chart.swing.editor,ChartEditorFactory
..\jfreechart-master\jfreechart-master\src\main\java\org\jfree\chart\swing\editor\ChartEditorManager.java,org.jfree.chart.swing.editor,ChartEditorManager
..\jfreechart-master\jfreechart-master\src\main\java\org\jfree\chart\swing\editor\DefaultAxisEditor.java,org.jfree.chart.swing.editor,DefaultAxisEditor
..\jfreechart-master\jfreechart-master\src\main\java\org\jfree\chart\swing\editor\DefaultChartEditor.java,org.jfree.chart.swing.editor,DefaultChartEditor
..\jfreechart-master\jfreechart-master\src\main\java\org\jfree\chart\swing\editor\DefaultChartEditorFactory.java,org.jfree.chart.swing.editor,DefaultChartEditorFactory
..\jfreechart-master\jfreechart-master\src\main\java\org\jfree\chart\swing\editor\DefaultLogAxisEditor.java,org.jfree.chart.swing.editor,DefaultLogAxisEditor
..\jfreechart-master\jfreechart-master\src\main\java\org\jfree\chart\swing\editor\DefaultNumberAxisEditor.java,org.jfree.chart.swing.editor,DefaultNumberAxisEditor
..\jfreechart-master\jfreechart-master\src\main\java\org\jfree\chart\swing\editor\DefaultPlotEditor.java,org.jfree.chart.swing.editor,DefaultPlotEditor
..\jfreechart-master\jfreechart-master\src\main\java\org\jfree\chart\swing\editor\DefaultPolarPlotEditor.java,org.jfree.chart.swing.editor,DefaultPolarPlotEditor
..\jfreechart-master\jfreechart-master\src\main\java\org\jfree\chart\swing\editor\DefaultTitleEditor.java,org.jfree.chart.swing.editor,DefaultTitleEditor
..\jfreechart-master\jfreechart-master\src\main\java\org\jfree\chart\swing\editor\DefaultValueAxisEditor.java,org.jfree.chart.swing.editor,DefaultValueAxisEditor
..\jfreechart-master\jfreechart-master\src\main\java\org\jfree\chart\swing\editor\FontChooserPanel.java,org.jfree.chart.swing.editor,FontChooserPanel
..\jfreechart-master\jfreechart-master\src\main\java\org\jfree\chart\swing\editor\FontDisplayField.java,org.jfree.chart.swing.editor,FontDisplayField
..\jfreechart-master\jfreechart-master\src\main\java\org\jfree\chart\swing\editor\LCBLayout.java,org.jfree.chart.swing.editor,LCBLayout
..\jfreechart-master\jfreechart-master\src\main\java\org\jfree\chart\swing\editor\package-info.java,org.jfree.chart.swing.editor,package-info
..\jfreechart-master\jfreechart-master\src\main\java\org\jfree\chart\swing\editor\PaintSample.java,org.jfree.chart.swing.editor,PaintSample
..\jfreechart-master\jfreechart-master\src\main\java\org\jfree\chart\swing\editor\StrokeChooserPanel.java,org.jfree.chart.swing.editor,StrokeChooserPanel
..\jfreechart-master\jfreechart-master\src\main\java\org\jfree\chart\swing\editor\StrokeSample.java,org.jfree.chart.swing.editor,StrokeSample
..\jfreechart-master\jfreechart-master\src\main\java\org\jfree\chart\swing\MouseWheelHandler.java,org.jfree.chart.swing,MouseWheelHandler
..\jfreechart-master\jfreechart-master\src\main\java\org\jfree\chart\swing\NumberCellRenderer.java,org.jfree.chart.swing,NumberCellRenderer
..\jfreechart-master\jfreechart-master\src\main\java\org\jfree\chart\swing\Overlay.java,org.jfree.chart.swing,Overlay
..\jfreechart-master\jfreechart-master\src\main\java\org\jfree\chart\swing\OverlayChangeEvent.java,org.jfree.chart.swing,OverlayChangeEvent
..\jfreechart-master\jfreechart-master\src\main\java\org\jfree\chart\swing\OverlayChangeListener.java,org.jfree.chart.swing,OverlayChangeListener
..\jfreechart-master\jfreechart-master\src\main\java\org\jfree\chart\swing\package-info.java,org.jfree.chart.swing,package-info
..\jfreechart-master\jfreechart-master\src\main\java\org\jfree\chart\swing\PolarChartPanel.java,org.jfree.chart.swing,PolarChartPanel
..\jfreechart-master\jfreechart-master\src\main\java\org\jfree\chart\swing\SelectionZoomStrategy.java,org.jfree.chart.swing,SelectionZoomStrategy
..\jfreechart-master\jfreechart-master\src\main\java\org\jfree\chart\swing\UIUtils.java,org.jfree.chart.swing,UIUtils
..\jfreechart-master\jfreechart-master\src\main\java\org\jfree\chart\text\AttributedStringUtils.java,org.jfree.chart.text,AttributedStringUtils
..\jfreechart-master\jfreechart-master\src\main\java\org\jfree\chart\text\format\HexNumberFormat.java,org.jfree.chart.text.format,HexNumberFormat
..\jfreechart-master\jfreechart-master\src\main\java\org\jfree\chart\text\format\HMSNumberFormat.java,org.jfree.chart.text.format,HMSNumberFormat
..\jfreechart-master\jfreechart-master\src\main\java\org\jfree\chart\text\format\LogFormat.java,org.jfree.chart.text.format,LogFormat
..\jfreechart-master\jfreechart-master\src\main\java\org\jfree\chart\text\format\package-info.java,org.jfree.chart.text.format,package-info
..\jfreechart-master\jfreechart-master\src\main\java\org\jfree\chart\text\format\RelativeDateFormat.java,org.jfree.chart.text.format,RelativeDateFormat
..\jfreechart-master\jfreechart-master\src\main\java\org\jfree\chart\text\G2TextMeasurer.java,org.jfree.chart.text,G2TextMeasurer
..\jfreechart-master\jfreechart-master\src\main\java\org\jfree\chart\text\package-info.java,org.jfree.chart.text,package-info
..\jfreechart-master\jfreechart-master\src\main\java\org\jfree\chart\text\TextAnchor.java,org.jfree.chart.text,TextAnchor
..\jfreechart-master\jfreechart-master\src\main\java\org\jfree\chart\text\TextBlock.java,org.jfree.chart.text,TextBlock
..\jfreechart-master\jfreechart-master\src\main\java\org\jfree\chart\text\TextBlockAnchor.java,org.jfree.chart.text,TextBlockAnchor
..\jfreechart-master\jfreechart-master\src\main\java\org\jfree\chart\text\TextBox.java,org.jfree.chart.text,TextBox
..\jfreechart-master\jfreechart-master\src\main\java\org\jfree\chart\text\TextFragment.java,org.jfree.chart.text,TextFragment
..\jfreechart-master\jfreechart-master\src\main\java\org\jfree\chart\text\TextLine.java,org.jfree.chart.text,TextLine
..\jfreechart-master\jfreechart-master\src\main\java\org\jfree\chart\text\TextMeasurer.java,org.jfree.chart.text,TextMeasurer
..\jfreechart-master\jfreechart-master\src\main\java\org\jfree\chart\text\TextUtils.java,org.jfree.chart.text,TextUtils
..\jfreechart-master\jfreechart-master\src\main\java\org\jfree\chart\title\CompositeTitle.java,org.jfree.chart.title,CompositeTitle
..\jfreechart-master\jfreechart-master\src\main\java\org\jfree\chart\title\DateTitle.java,org.jfree.chart.title,DateTitle
..\jfreechart-master\jfreechart-master\src\main\java\org\jfree\chart\title\ImageTitle.java,org.jfree.chart.title,ImageTitle
..\jfreechart-master\jfreechart-master\src\main\java\org\jfree\chart\title\package-info.java,org.jfree.chart.title,package-info
..\jfreechart-master\jfreechart-master\src\main\java\org\jfree\chart\title\ShortTextTitle.java,org.jfree.chart.title,ShortTextTitle
..\jfreechart-master\jfreechart-master\src\main\java\org\jfree\chart\title\TextTitle.java,org.jfree.chart.title,TextTitle
..\jfreechart-master\jfreechart-master\src\main\java\org\jfree\chart\title\Title.java,org.jfree.chart.title,Title
..\jfreechart-master\jfreechart-master\src\main\java\org\jfree\chart\urls\CategoryURLGenerator.java,org.jfree.chart.urls,CategoryURLGenerator
..\jfreechart-master\jfreechart-master\src\main\java\org\jfree\chart\urls\CustomCategoryURLGenerator.java,org.jfree.chart.urls,CustomCategoryURLGenerator
..\jfreechart-master\jfreechart-master\src\main\java\org\jfree\chart\urls\CustomPieURLGenerator.java,org.jfree.chart.urls,CustomPieURLGenerator
..\jfreechart-master\jfreechart-master\src\main\java\org\jfree\chart\urls\CustomXYURLGenerator.java,org.jfree.chart.urls,CustomXYURLGenerator
..\jfreechart-master\jfreechart-master\src\main\java\org\jfree\chart\urls\package-info.java,org.jfree.chart.urls,package-info
..\jfreechart-master\jfreechart-master\src\main\java\org\jfree\chart\urls\PieURLGenerator.java,org.jfree.chart.urls,PieURLGenerator
..\jfreechart-master\jfreechart-master\src\main\java\org\jfree\chart\urls\StandardCategoryURLGenerator.java,org.jfree.chart.urls,StandardCategoryURLGenerator
..\jfreechart-master\jfreechart-master\src\main\java\org\jfree\chart\urls\StandardPieURLGenerator.java,org.jfree.chart.urls,StandardPieURLGenerator
..\jfreechart-master\jfreechart-master\src\main\java\org\jfree\chart\urls\StandardXYURLGenerator.java,org.jfree.chart.urls,StandardXYURLGenerator
..\jfreechart-master\jfreechart-master\src\main\java\org\jfree\chart\urls\StandardXYZURLGenerator.java,org.jfree.chart.urls,StandardXYZURLGenerator
..\jfreechart-master\jfreechart-master\src\main\java\org\jfree\chart\urls\TimeSeriesURLGenerator.java,org.jfree.chart.urls,TimeSeriesURLGenerator
..\jfreechart-master\jfreechart-master\src\main\java\org\jfree\chart\urls\XYURLGenerator.java,org.jfree.chart.urls,XYURLGenerator
..\jfreechart-master\jfreechart-master\src\main\java\org\jfree\chart\urls\XYZURLGenerator.java,org.jfree.chart.urls,XYZURLGenerator
..\jfreechart-master\jfreechart-master\src\main\java\org\jfree\chart\util\AttrStringUtils.java,org.jfree.chart.util,AttrStringUtils
..\jfreechart-master\jfreechart-master\src\main\java\org\jfree\chart\util\DefaultShadowGenerator.java,org.jfree.chart.util,DefaultShadowGenerator
..\jfreechart-master\jfreechart-master\src\main\java\org\jfree\chart\util\DirectionalGradientPaintTransformer.java,org.jfree.chart.util,DirectionalGradientPaintTransformer
..\jfreechart-master\jfreechart-master\src\main\java\org\jfree\chart\util\ExportUtils.java,org.jfree.chart.util,ExportUtils
..\jfreechart-master\jfreechart-master\src\main\java\org\jfree\chart\util\GradientPaintTransformer.java,org.jfree.chart.util,GradientPaintTransformer
..\jfreechart-master\jfreechart-master\src\main\java\org\jfree\chart\util\GradientPaintTransformType.java,org.jfree.chart.util,GradientPaintTransformType
..\jfreechart-master\jfreechart-master\src\main\java\org\jfree\chart\util\package-info.java,org.jfree.chart.util,package-info
..\jfreechart-master\jfreechart-master\src\main\java\org\jfree\chart\util\PaintAlpha.java,org.jfree.chart.util,PaintAlpha
..\jfreechart-master\jfreechart-master\src\main\java\org\jfree\chart\util\ShadowGenerator.java,org.jfree.chart.util,ShadowGenerator
..\jfreechart-master\jfreechart-master\src\main\java\org\jfree\chart\util\StandardGradientPaintTransformer.java,org.jfree.chart.util,StandardGradientPaintTransformer
..\jfreechart-master\jfreechart-master\src\main\java\org\jfree\chart\util\StringUtils.java,org.jfree.chart.util,StringUtils
..\jfreechart-master\jfreechart-master\src\main\java\org\jfree\data\category\CategoryDataset.java,org.jfree.data.category,CategoryDataset
..\jfreechart-master\jfreechart-master\src\main\java\org\jfree\data\category\CategoryRangeInfo.java,org.jfree.data.category,CategoryRangeInfo
..\jfreechart-master\jfreechart-master\src\main\java\org\jfree\data\category\CategoryToPieDataset.java,org.jfree.data.category,CategoryToPieDataset
..\jfreechart-master\jfreechart-master\src\main\java\org\jfree\data\category\DefaultCategoryDataset.java,org.jfree.data.category,DefaultCategoryDataset
..\jfreechart-master\jfreechart-master\src\main\java\org\jfree\data\category\DefaultIntervalCategoryDataset.java,org.jfree.data.category,DefaultIntervalCategoryDataset
..\jfreechart-master\jfreechart-master\src\main\java\org\jfree\data\category\IntervalCategoryDataset.java,org.jfree.data.category,IntervalCategoryDataset
..\jfreechart-master\jfreechart-master\src\main\java\org\jfree\data\category\SlidingCategoryDataset.java,org.jfree.data.category,SlidingCategoryDataset
..\jfreechart-master\jfreechart-master\src\main\java\org\jfree\data\ComparableObjectItem.java,org.jfree.data,ComparableObjectItem
..\jfreechart-master\jfreechart-master\src\main\java\org\jfree\data\ComparableObjectSeries.java,org.jfree.data,ComparableObjectSeries
..\jfreechart-master\jfreechart-master\src\main\java\org\jfree\data\DataUtils.java,org.jfree.data,DataUtils
..\jfreechart-master\jfreechart-master\src\main\java\org\jfree\data\DefaultKeyedValue.java,org.jfree.data,DefaultKeyedValue
..\jfreechart-master\jfreechart-master\src\main\java\org\jfree\data\DefaultKeyedValues.java,org.jfree.data,DefaultKeyedValues
..\jfreechart-master\jfreechart-master\src\main\java\org\jfree\data\DefaultKeyedValues2D.java,org.jfree.data,DefaultKeyedValues2D
..\jfreechart-master\jfreechart-master\src\main\java\org\jfree\data\DomainInfo.java,org.jfree.data,DomainInfo
..\jfreechart-master\jfreechart-master\src\main\java\org\jfree\data\DomainOrder.java,org.jfree.data,DomainOrder
..\jfreechart-master\jfreechart-master\src\main\java\org\jfree\data\flow\DefaultFlowDataset.java,org.jfree.data.flow,DefaultFlowDataset
..\jfreechart-master\jfreechart-master\src\main\java\org\jfree\data\flow\FlowDataset.java,org.jfree.data.flow,FlowDataset
..\jfreechart-master\jfreechart-master\src\main\java\org\jfree\data\flow\FlowDatasetUtils.java,org.jfree.data.flow,FlowDatasetUtils
..\jfreechart-master\jfreechart-master\src\main\java\org\jfree\data\flow\FlowKey.java,org.jfree.data.flow,FlowKey
..\jfreechart-master\jfreechart-master\src\main\java\org\jfree\data\flow\NodeKey.java,org.jfree.data.flow,NodeKey
..\jfreechart-master\jfreechart-master\src\main\java\org\jfree\data\flow\package-info.java,org.jfree.data.flow,package-info
..\jfreechart-master\jfreechart-master\src\main\java\org\jfree\data\function\Function2D.java,org.jfree.data.function,Function2D
..\jfreechart-master\jfreechart-master\src\main\java\org\jfree\data\function\LineFunction2D.java,org.jfree.data.function,LineFunction2D
..\jfreechart-master\jfreechart-master\src\main\java\org\jfree\data\function\NormalDistributionFunction2D.java,org.jfree.data.function,NormalDistributionFunction2D
..\jfreechart-master\jfreechart-master\src\main\java\org\jfree\data\function\PolynomialFunction2D.java,org.jfree.data.function,PolynomialFunction2D
..\jfreechart-master\jfreechart-master\src\main\java\org\jfree\data\function\PowerFunction2D.java,org.jfree.data.function,PowerFunction2D
..\jfreechart-master\jfreechart-master\src\main\java\org\jfree\data\gantt\GanttCategoryDataset.java,org.jfree.data.gantt,GanttCategoryDataset
..\jfreechart-master\jfreechart-master\src\main\java\org\jfree\data\gantt\SlidingGanttCategoryDataset.java,org.jfree.data.gantt,SlidingGanttCategoryDataset
..\jfreechart-master\jfreechart-master\src\main\java\org\jfree\data\gantt\Task.java,org.jfree.data.gantt,Task
..\jfreechart-master\jfreechart-master\src\main\java\org\jfree\data\gantt\TaskSeries.java,org.jfree.data.gantt,TaskSeries
..\jfreechart-master\jfreechart-master\src\main\java\org\jfree\data\gantt\TaskSeriesCollection.java,org.jfree.data.gantt,TaskSeriesCollection
..\jfreechart-master\jfreechart-master\src\main\java\org\jfree\data\gantt\XYTaskDataset.java,org.jfree.data.gantt,XYTaskDataset
..\jfreechart-master\jfreechart-master\src\main\java\org\jfree\data\general\AbstractDataset.java,org.jfree.data.general,AbstractDataset
..\jfreechart-master\jfreechart-master\src\main\java\org\jfree\data\general\AbstractSeriesDataset.java,org.jfree.data.general,AbstractSeriesDataset
..\jfreechart-master\jfreechart-master\src\main\java\org\jfree\data\general\Dataset.java,org.jfree.data.general,Dataset
..\jfreechart-master\jfreechart-master\src\main\java\org\jfree\data\general\DatasetChangeEvent.java,org.jfree.data.general,DatasetChangeEvent
..\jfreechart-master\jfreechart-master\src\main\java\org\jfree\data\general\DatasetChangeListener.java,org.jfree.data.general,DatasetChangeListener
..\jfreechart-master\jfreechart-master\src\main\java\org\jfree\data\general\DatasetUtils.java,org.jfree.data.general,DatasetUtils
..\jfreechart-master\jfreechart-master\src\main\java\org\jfree\data\general\DefaultHeatMapDataset.java,org.jfree.data.general,DefaultHeatMapDataset
..\jfreechart-master\jfreechart-master\src\main\java\org\jfree\data\general\DefaultKeyedValueDataset.java,org.jfree.data.general,DefaultKeyedValueDataset
..\jfreechart-master\jfreechart-master\src\main\java\org\jfree\data\general\DefaultKeyedValues2DDataset.java,org.jfree.data.general,DefaultKeyedValues2DDataset
..\jfreechart-master\jfreechart-master\src\main\java\org\jfree\data\general\DefaultKeyedValuesDataset.java,org.jfree.data.general,DefaultKeyedValuesDataset
..\jfreechart-master\jfreechart-master\src\main\java\org\jfree\data\general\DefaultPieDataset.java,org.jfree.data.general,DefaultPieDataset
..\jfreechart-master\jfreechart-master\src\main\java\org\jfree\data\general\DefaultValueDataset.java,org.jfree.data.general,DefaultValueDataset
..\jfreechart-master\jfreechart-master\src\main\java\org\jfree\data\general\HeatMapDataset.java,org.jfree.data.general,HeatMapDataset
..\jfreechart-master\jfreechart-master\src\main\java\org\jfree\data\general\HeatMapUtils.java,org.jfree.data.general,HeatMapUtils
..\jfreechart-master\jfreechart-master\src\main\java\org\jfree\data\general\KeyedValueDataset.java,org.jfree.data.general,KeyedValueDataset
..\jfreechart-master\jfreechart-master\src\main\java\org\jfree\data\general\KeyedValues2DDataset.java,org.jfree.data.general,KeyedValues2DDataset
..\jfreechart-master\jfreechart-master\src\main\java\org\jfree\data\general\KeyedValuesDataset.java,org.jfree.data.general,KeyedValuesDataset
..\jfreechart-master\jfreechart-master\src\main\java\org\jfree\data\general\PieDataset.java,org.jfree.data.general,PieDataset
..\jfreechart-master\jfreechart-master\src\main\java\org\jfree\data\general\Series.java,org.jfree.data.general,Series
..\jfreechart-master\jfreechart-master\src\main\java\org\jfree\data\general\SeriesChangeEvent.java,org.jfree.data.general,SeriesChangeEvent
..\jfreechart-master\jfreechart-master\src\main\java\org\jfree\data\general\SeriesChangeListener.java,org.jfree.data.general,SeriesChangeListener
..\jfreechart-master\jfreechart-master\src\main\java\org\jfree\data\general\SeriesDataset.java,org.jfree.data.general,SeriesDataset
..\jfreechart-master\jfreechart-master\src\main\java\org\jfree\data\general\SeriesException.java,org.jfree.data.general,SeriesException
..\jfreechart-master\jfreechart-master\src\main\java\org\jfree\data\general\ValueDataset.java,org.jfree.data.general,ValueDataset
..\jfreechart-master\jfreechart-master\src\main\java\org\jfree\data\general\WaferMapDataset.java,org.jfree.data.general,WaferMapDataset
..\jfreechart-master\jfreechart-master\src\main\java\org\jfree\data\io\CSV.java,org.jfree.data.io,CSV
..\jfreechart-master\jfreechart-master\src\main\java\org\jfree\data\ItemKey.java,org.jfree.data,ItemKey
..\jfreechart-master\jfreechart-master\src\main\java\org\jfree\data\json\impl\JSONArray.java,org.jfree.data.json.impl,JSONArray
..\jfreechart-master\jfreechart-master\src\main\java\org\jfree\data\json\impl\JSONAware.java,org.jfree.data.json.impl,JSONAware
..\jfreechart-master\jfreechart-master\src\main\java\org\jfree\data\json\impl\JSONObject.java,org.jfree.data.json.impl,JSONObject
..\jfreechart-master\jfreechart-master\src\main\java\org\jfree\data\json\impl\JSONStreamAware.java,org.jfree.data.json.impl,JSONStreamAware
..\jfreechart-master\jfreechart-master\src\main\java\org\jfree\data\json\impl\JSONValue.java,org.jfree.data.json.impl,JSONValue
..\jfreechart-master\jfreechart-master\src\main\java\org\jfree\data\json\impl\package-info.java,org.jfree.data.json.impl,package-info
..\jfreechart-master\jfreechart-master\src\main\java\org\jfree\data\json\JSONUtils.java,org.jfree.data.json,JSONUtils
..\jfreechart-master\jfreechart-master\src\main\java\org\jfree\data\json\package-info.java,org.jfree.data.json,package-info
..\jfreechart-master\jfreechart-master\src\main\java\org\jfree\data\KeyedObject.java,org.jfree.data,KeyedObject
..\jfreechart-master\jfreechart-master\src\main\java\org\jfree\data\KeyedObjects.java,org.jfree.data,KeyedObjects
..\jfreechart-master\jfreechart-master\src\main\java\org\jfree\data\KeyedObjects2D.java,org.jfree.data,KeyedObjects2D
..\jfreechart-master\jfreechart-master\src\main\java\org\jfree\data\KeyedValue.java,org.jfree.data,KeyedValue
..\jfreechart-master\jfreechart-master\src\main\java\org\jfree\data\KeyedValueComparator.java,org.jfree.data,KeyedValueComparator
..\jfreechart-master\jfreechart-master\src\main\java\org\jfree\data\KeyedValueComparatorType.java,org.jfree.data,KeyedValueComparatorType
..\jfreechart-master\jfreechart-master\src\main\java\org\jfree\data\KeyedValues.java,org.jfree.data,KeyedValues
..\jfreechart-master\jfreechart-master\src\main\java\org\jfree\data\KeyedValues2D.java,org.jfree.data,KeyedValues2D
..\jfreechart-master\jfreechart-master\src\main\java\org\jfree\data\KeyedValues2DItemKey.java,org.jfree.data,KeyedValues2DItemKey
..\jfreechart-master\jfreechart-master\src\main\java\org\jfree\data\KeyedValuesItemKey.java,org.jfree.data,KeyedValuesItemKey
..\jfreechart-master\jfreechart-master\src\main\java\org\jfree\data\KeyToGroupMap.java,org.jfree.data,KeyToGroupMap
..\jfreechart-master\jfreechart-master\src\main\java\org\jfree\data\Range.java,org.jfree.data,Range
..\jfreechart-master\jfreechart-master\src\main\java\org\jfree\data\RangeInfo.java,org.jfree.data,RangeInfo
..\jfreechart-master\jfreechart-master\src\main\java\org\jfree\data\RangeType.java,org.jfree.data,RangeType
..\jfreechart-master\jfreechart-master\src\main\java\org\jfree\data\resources\DataPackageResources.java,org.jfree.data.resources,DataPackageResources
..\jfreechart-master\jfreechart-master\src\main\java\org\jfree\data\resources\DataPackageResources_de.java,org.jfree.data.resources,DataPackageResources_de
..\jfreechart-master\jfreechart-master\src\main\java\org\jfree\data\resources\DataPackageResources_es.java,org.jfree.data.resources,DataPackageResources_es
..\jfreechart-master\jfreechart-master\src\main\java\org\jfree\data\resources\DataPackageResources_fr.java,org.jfree.data.resources,DataPackageResources_fr
..\jfreechart-master\jfreechart-master\src\main\java\org\jfree\data\resources\DataPackageResources_pl.java,org.jfree.data.resources,DataPackageResources_pl
..\jfreechart-master\jfreechart-master\src\main\java\org\jfree\data\resources\DataPackageResources_ru.java,org.jfree.data.resources,DataPackageResources_ru
..\jfreechart-master\jfreechart-master\src\main\java\org\jfree\data\statistics\BoxAndWhiskerCalculator.java,org.jfree.data.statistics,BoxAndWhiskerCalculator
..\jfreechart-master\jfreechart-master\src\main\java\org\jfree\data\statistics\BoxAndWhiskerCategoryDataset.java,org.jfree.data.statistics,BoxAndWhiskerCategoryDataset
..\jfreechart-master\jfreechart-master\src\main\java\org\jfree\data\statistics\BoxAndWhiskerItem.java,org.jfree.data.statistics,BoxAndWhiskerItem
..\jfreechart-master\jfreechart-master\src\main\java\org\jfree\data\statistics\BoxAndWhiskerXYDataset.java,org.jfree.data.statistics,BoxAndWhiskerXYDataset
..\jfreechart-master\jfreechart-master\src\main\java\org\jfree\data\statistics\DefaultBoxAndWhiskerCategoryDataset.java,org.jfree.data.statistics,DefaultBoxAndWhiskerCategoryDataset
..\jfreechart-master\jfreechart-master\src\main\java\org\jfree\data\statistics\DefaultBoxAndWhiskerXYDataset.java,org.jfree.data.statistics,DefaultBoxAndWhiskerXYDataset
..\jfreechart-master\jfreechart-master\src\main\java\org\jfree\data\statistics\DefaultMultiValueCategoryDataset.java,org.jfree.data.statistics,DefaultMultiValueCategoryDataset
..\jfreechart-master\jfreechart-master\src\main\java\org\jfree\data\statistics\DefaultStatisticalCategoryDataset.java,org.jfree.data.statistics,DefaultStatisticalCategoryDataset
..\jfreechart-master\jfreechart-master\src\main\java\org\jfree\data\statistics\HistogramBin.java,org.jfree.data.statistics,HistogramBin
..\jfreechart-master\jfreechart-master\src\main\java\org\jfree\data\statistics\HistogramDataset.java,org.jfree.data.statistics,HistogramDataset
..\jfreechart-master\jfreechart-master\src\main\java\org\jfree\data\statistics\HistogramType.java,org.jfree.data.statistics,HistogramType
..\jfreechart-master\jfreechart-master\src\main\java\org\jfree\data\statistics\MeanAndStandardDeviation.java,org.jfree.data.statistics,MeanAndStandardDeviation
..\jfreechart-master\jfreechart-master\src\main\java\org\jfree\data\statistics\MultiValueCategoryDataset.java,org.jfree.data.statistics,MultiValueCategoryDataset
..\jfreechart-master\jfreechart-master\src\main\java\org\jfree\data\statistics\Regression.java,org.jfree.data.statistics,Regression
..\jfreechart-master\jfreechart-master\src\main\java\org\jfree\data\statistics\SimpleHistogramBin.java,org.jfree.data.statistics,SimpleHistogramBin
..\jfreechart-master\jfreechart-master\src\main\java\org\jfree\data\statistics\SimpleHistogramDataset.java,org.jfree.data.statistics,SimpleHistogramDataset
..\jfreechart-master\jfreechart-master\src\main\java\org\jfree\data\statistics\StatisticalCategoryDataset.java,org.jfree.data.statistics,StatisticalCategoryDataset
..\jfreechart-master\jfreechart-master\src\main\java\org\jfree\data\statistics\Statistics.java,org.jfree.data.statistics,Statistics
..\jfreechart-master\jfreechart-master\src\main\java\org\jfree\data\time\DateRange.java,org.jfree.data.time,DateRange
..\jfreechart-master\jfreechart-master\src\main\java\org\jfree\data\time\Day.java,org.jfree.data.time,Day
..\jfreechart-master\jfreechart-master\src\main\java\org\jfree\data\time\DynamicTimeSeriesCollection.java,org.jfree.data.time,DynamicTimeSeriesCollection
..\jfreechart-master\jfreechart-master\src\main\java\org\jfree\data\time\FixedMillisecond.java,org.jfree.data.time,FixedMillisecond
..\jfreechart-master\jfreechart-master\src\main\java\org\jfree\data\time\Hour.java,org.jfree.data.time,Hour
..\jfreechart-master\jfreechart-master\src\main\java\org\jfree\data\time\Millisecond.java,org.jfree.data.time,Millisecond
..\jfreechart-master\jfreechart-master\src\main\java\org\jfree\data\time\Minute.java,org.jfree.data.time,Minute
..\jfreechart-master\jfreechart-master\src\main\java\org\jfree\data\time\Month.java,org.jfree.data.time,Month
..\jfreechart-master\jfreechart-master\src\main\java\org\jfree\data\time\MovingAverage.java,org.jfree.data.time,MovingAverage
..\jfreechart-master\jfreechart-master\src\main\java\org\jfree\data\time\ohlc\OHLC.java,org.jfree.data.time.ohlc,OHLC
..\jfreechart-master\jfreechart-master\src\main\java\org\jfree\data\time\ohlc\OHLCItem.java,org.jfree.data.time.ohlc,OHLCItem
..\jfreechart-master\jfreechart-master\src\main\java\org\jfree\data\time\ohlc\OHLCSeries.java,org.jfree.data.time.ohlc,OHLCSeries
..\jfreechart-master\jfreechart-master\src\main\java\org\jfree\data\time\ohlc\OHLCSeriesCollection.java,org.jfree.data.time.ohlc,OHLCSeriesCollection
..\jfreechart-master\jfreechart-master\src\main\java\org\jfree\data\time\Quarter.java,org.jfree.data.time,Quarter
..\jfreechart-master\jfreechart-master\src\main\java\org\jfree\data\time\RegularTimePeriod.java,org.jfree.data.time,RegularTimePeriod
..\jfreechart-master\jfreechart-master\src\main\java\org\jfree\data\time\Second.java,org.jfree.data.time,Second
..\jfreechart-master\jfreechart-master\src\main\java\org\jfree\data\time\SimpleTimePeriod.java,org.jfree.data.time,SimpleTimePeriod
..\jfreechart-master\jfreechart-master\src\main\java\org\jfree\data\time\TimePeriod.java,org.jfree.data.time,TimePeriod
..\jfreechart-master\jfreechart-master\src\main\java\org\jfree\data\time\TimePeriodAnchor.java,org.jfree.data.time,TimePeriodAnchor
..\jfreechart-master\jfreechart-master\src\main\java\org\jfree\data\time\TimePeriodFormatException.java,org.jfree.data.time,TimePeriodFormatException
..\jfreechart-master\jfreechart-master\src\main\java\org\jfree\data\time\TimePeriodValue.java,org.jfree.data.time,TimePeriodValue
..\jfreechart-master\jfreechart-master\src\main\java\org\jfree\data\time\TimePeriodValues.java,org.jfree.data.time,TimePeriodValues
..\jfreechart-master\jfreechart-master\src\main\java\org\jfree\data\time\TimePeriodValuesCollection.java,org.jfree.data.time,TimePeriodValuesCollection
..\jfreechart-master\jfreechart-master\src\main\java\org\jfree\data\time\TimeSeries.java,org.jfree.data.time,TimeSeries
..\jfreechart-master\jfreechart-master\src\main\java\org\jfree\data\time\TimeSeriesCollection.java,org.jfree.data.time,TimeSeriesCollection
..\jfreechart-master\jfreechart-master\src\main\java\org\jfree\data\time\TimeSeriesDataItem.java,org.jfree.data.time,TimeSeriesDataItem
..\jfreechart-master\jfreechart-master\src\main\java\org\jfree\data\time\TimeSeriesTableModel.java,org.jfree.data.time,TimeSeriesTableModel
..\jfreechart-master\jfreechart-master\src\main\java\org\jfree\data\time\TimeTableXYDataset.java,org.jfree.data.time,TimeTableXYDataset
..\jfreechart-master\jfreechart-master\src\main\java\org\jfree\data\time\Week.java,org.jfree.data.time,Week
..\jfreechart-master\jfreechart-master\src\main\java\org\jfree\data\time\Year.java,org.jfree.data.time,Year
..\jfreechart-master\jfreechart-master\src\main\java\org\jfree\data\UnknownKeyException.java,org.jfree.data,UnknownKeyException
..\jfreechart-master\jfreechart-master\src\main\java\org\jfree\data\Value.java,org.jfree.data,Value
..\jfreechart-master\jfreechart-master\src\main\java\org\jfree\data\Values.java,org.jfree.data,Values
..\jfreechart-master\jfreechart-master\src\main\java\org\jfree\data\Values2D.java,org.jfree.data,Values2D
..\jfreechart-master\jfreechart-master\src\main\java\org\jfree\data\xml\CategoryDatasetHandler.java,org.jfree.data.xml,CategoryDatasetHandler
..\jfreechart-master\jfreechart-master\src\main\java\org\jfree\data\xml\CategorySeriesHandler.java,org.jfree.data.xml,CategorySeriesHandler
..\jfreechart-master\jfreechart-master\src\main\java\org\jfree\data\xml\DatasetReader.java,org.jfree.data.xml,DatasetReader
..\jfreechart-master\jfreechart-master\src\main\java\org\jfree\data\xml\DatasetTags.java,org.jfree.data.xml,DatasetTags
..\jfreechart-master\jfreechart-master\src\main\java\org\jfree\data\xml\ItemHandler.java,org.jfree.data.xml,ItemHandler
..\jfreechart-master\jfreechart-master\src\main\java\org\jfree\data\xml\KeyHandler.java,org.jfree.data.xml,KeyHandler
..\jfreechart-master\jfreechart-master\src\main\java\org\jfree\data\xml\PieDatasetHandler.java,org.jfree.data.xml,PieDatasetHandler
..\jfreechart-master\jfreechart-master\src\main\java\org\jfree\data\xml\RootHandler.java,org.jfree.data.xml,RootHandler
..\jfreechart-master\jfreechart-master\src\main\java\org\jfree\data\xml\ValueHandler.java,org.jfree.data.xml,ValueHandler
..\jfreechart-master\jfreechart-master\src\main\java\org\jfree\data\xy\AbstractIntervalXYDataset.java,org.jfree.data.xy,AbstractIntervalXYDataset
..\jfreechart-master\jfreechart-master\src\main\java\org\jfree\data\xy\AbstractXYDataset.java,org.jfree.data.xy,AbstractXYDataset
..\jfreechart-master\jfreechart-master\src\main\java\org\jfree\data\xy\AbstractXYZDataset.java,org.jfree.data.xy,AbstractXYZDataset
..\jfreechart-master\jfreechart-master\src\main\java\org\jfree\data\xy\CategoryTableXYDataset.java,org.jfree.data.xy,CategoryTableXYDataset
..\jfreechart-master\jfreechart-master\src\main\java\org\jfree\data\xy\DefaultHighLowDataset.java,org.jfree.data.xy,DefaultHighLowDataset
..\jfreechart-master\jfreechart-master\src\main\java\org\jfree\data\xy\DefaultIntervalXYDataset.java,org.jfree.data.xy,DefaultIntervalXYDataset
..\jfreechart-master\jfreechart-master\src\main\java\org\jfree\data\xy\DefaultOHLCDataset.java,org.jfree.data.xy,DefaultOHLCDataset
..\jfreechart-master\jfreechart-master\src\main\java\org\jfree\data\xy\DefaultTableXYDataset.java,org.jfree.data.xy,DefaultTableXYDataset
..\jfreechart-master\jfreechart-master\src\main\java\org\jfree\data\xy\DefaultWindDataset.java,org.jfree.data.xy,DefaultWindDataset
..\jfreechart-master\jfreechart-master\src\main\java\org\jfree\data\xy\DefaultXYDataset.java,org.jfree.data.xy,DefaultXYDataset
..\jfreechart-master\jfreechart-master\src\main\java\org\jfree\data\xy\DefaultXYZDataset.java,org.jfree.data.xy,DefaultXYZDataset
..\jfreechart-master\jfreechart-master\src\main\java\org\jfree\data\xy\IntervalXYDataset.java,org.jfree.data.xy,IntervalXYDataset
..\jfreechart-master\jfreechart-master\src\main\java\org\jfree\data\xy\IntervalXYDelegate.java,org.jfree.data.xy,IntervalXYDelegate
..\jfreechart-master\jfreechart-master\src\main\java\org\jfree\data\xy\IntervalXYZDataset.java,org.jfree.data.xy,IntervalXYZDataset
..\jfreechart-master\jfreechart-master\src\main\java\org\jfree\data\xy\MatrixSeries.java,org.jfree.data.xy,MatrixSeries
..\jfreechart-master\jfreechart-master\src\main\java\org\jfree\data\xy\MatrixSeriesCollection.java,org.jfree.data.xy,MatrixSeriesCollection
..\jfreechart-master\jfreechart-master\src\main\java\org\jfree\data\xy\NormalizedMatrixSeries.java,org.jfree.data.xy,NormalizedMatrixSeries
..\jfreechart-master\jfreechart-master\src\main\java\org\jfree\data\xy\OHLCDataItem.java,org.jfree.data.xy,OHLCDataItem
..\jfreechart-master\jfreechart-master\src\main\java\org\jfree\data\xy\OHLCDataset.java,org.jfree.data.xy,OHLCDataset
..\jfreechart-master\jfreechart-master\src\main\java\org\jfree\data\xy\TableXYDataset.java,org.jfree.data.xy,TableXYDataset
..\jfreechart-master\jfreechart-master\src\main\java\org\jfree\data\xy\Vector.java,org.jfree.data.xy,Vector
..\jfreechart-master\jfreechart-master\src\main\java\org\jfree\data\xy\VectorDataItem.java,org.jfree.data.xy,VectorDataItem
..\jfreechart-master\jfreechart-master\src\main\java\org\jfree\data\xy\VectorSeries.java,org.jfree.data.xy,VectorSeries
..\jfreechart-master\jfreechart-master\src\main\java\org\jfree\data\xy\VectorSeriesCollection.java,org.jfree.data.xy,VectorSeriesCollection
..\jfreechart-master\jfreechart-master\src\main\java\org\jfree\data\xy\VectorXYDataset.java,org.jfree.data.xy,VectorXYDataset
..\jfreechart-master\jfreechart-master\src\main\java\org\jfree\data\xy\WindDataset.java,org.jfree.data.xy,WindDataset
..\jfreechart-master\jfreechart-master\src\main\java\org\jfree\data\xy\XIntervalDataItem.java,org.jfree.data.xy,XIntervalDataItem
..\jfreechart-master\jfreechart-master\src\main\java\org\jfree\data\xy\XIntervalSeries.java,org.jfree.data.xy,XIntervalSeries
..\jfreechart-master\jfreechart-master\src\main\java\org\jfree\data\xy\XIntervalSeriesCollection.java,org.jfree.data.xy,XIntervalSeriesCollection
..\jfreechart-master\jfreechart-master\src\main\java\org\jfree\data\xy\XisSymbolic.java,org.jfree.data.xy,XisSymbolic
..\jfreechart-master\jfreechart-master\src\main\java\org\jfree\data\xy\XYBarDataset.java,org.jfree.data.xy,XYBarDataset
..\jfreechart-master\jfreechart-master\src\main\java\org\jfree\data\xy\XYCoordinate.java,org.jfree.data.xy,XYCoordinate
..\jfreechart-master\jfreechart-master\src\main\java\org\jfree\data\xy\XYDataItem.java,org.jfree.data.xy,XYDataItem
..\jfreechart-master\jfreechart-master\src\main\java\org\jfree\data\xy\XYDataset.java,org.jfree.data.xy,XYDataset
..\jfreechart-master\jfreechart-master\src\main\java\org\jfree\data\xy\XYDatasetTableModel.java,org.jfree.data.xy,XYDatasetTableModel
..\jfreechart-master\jfreechart-master\src\main\java\org\jfree\data\xy\XYDomainInfo.java,org.jfree.data.xy,XYDomainInfo
..\jfreechart-master\jfreechart-master\src\main\java\org\jfree\data\xy\XYInterval.java,org.jfree.data.xy,XYInterval
..\jfreechart-master\jfreechart-master\src\main\java\org\jfree\data\xy\XYIntervalDataItem.java,org.jfree.data.xy,XYIntervalDataItem
..\jfreechart-master\jfreechart-master\src\main\java\org\jfree\data\xy\XYIntervalSeries.java,org.jfree.data.xy,XYIntervalSeries
..\jfreechart-master\jfreechart-master\src\main\java\org\jfree\data\xy\XYIntervalSeriesCollection.java,org.jfree.data.xy,XYIntervalSeriesCollection
..\jfreechart-master\jfreechart-master\src\main\java\org\jfree\data\xy\XYItemKey.java,org.jfree.data.xy,XYItemKey
..\jfreechart-master\jfreechart-master\src\main\java\org\jfree\data\xy\XYRangeInfo.java,org.jfree.data.xy,XYRangeInfo
..\jfreechart-master\jfreechart-master\src\main\java\org\jfree\data\xy\XYSeries.java,org.jfree.data.xy,XYSeries
..\jfreechart-master\jfreechart-master\src\main\java\org\jfree\data\xy\XYSeriesCollection.java,org.jfree.data.xy,XYSeriesCollection
..\jfreechart-master\jfreechart-master\src\main\java\org\jfree\data\xy\XYZDataset.java,org.jfree.data.xy,XYZDataset
..\jfreechart-master\jfreechart-master\src\main\java\org\jfree\data\xy\YInterval.java,org.jfree.data.xy,YInterval
..\jfreechart-master\jfreechart-master\src\main\java\org\jfree\data\xy\YIntervalDataItem.java,org.jfree.data.xy,YIntervalDataItem
..\jfreechart-master\jfreechart-master\src\main\java\org\jfree\data\xy\YIntervalSeries.java,org.jfree.data.xy,YIntervalSeries
..\jfreechart-master\jfreechart-master\src\main\java\org\jfree\data\xy\YIntervalSeriesCollection.java,org.jfree.data.xy,YIntervalSeriesCollection
..\jfreechart-master\jfreechart-master\src\main\java\org\jfree\data\xy\YisSymbolic.java,org.jfree.data.xy,YisSymbolic
..\jfreechart-master\jfreechart-master\src\main\java\org\jfree\data\xy\YWithXInterval.java,org.jfree.data.xy,YWithXInterval
