class, NOCom, NCLOC, DCP
./src/main/java/org/jfree/chart/annotations/AbstractAnnotation.java,4,68,65.66
./src/main/java/org/jfree/chart/annotations/AbstractXYAnnotation.java,6,77,58.6
./src/main/java/org/jfree/chart/annotations/Annotation.java,5,7,87.72
./src/main/java/org/jfree/chart/annotations/CategoryAnnotation.java,4,10,83.33
./src/main/java/org/jfree/chart/annotations/CategoryLineAnnotation.java,12,198,49.23
./src/main/java/org/jfree/chart/annotations/CategoryPointerAnnotation.java,12,238,50.42
./src/main/java/org/jfree/chart/annotations/CategoryTextAnnotation.java,8,123,50
./src/main/java/org/jfree/chart/annotations/TextAnnotation.java,11,137,56.37
./src/main/java/org/jfree/chart/annotations/XYAnnotation.java,4,11,82.81
./src/main/java/org/jfree/chart/annotations/XYAnnotationBoundsInfo.java,5,7,89.06
./src/main/java/org/jfree/chart/annotations/XYBoxAnnotation.java,10,176,48.54
./src/main/java/org/jfree/chart/annotations/XYDataImageAnnotation.java,10,159,52.54
./src/main/java/org/jfree/chart/annotations/XYDrawableAnnotation.java,12,143,47.04
./src/main/java/org/jfree/chart/annotations/XYImageAnnotation.java,12,134,50.74
./src/main/java/org/jfree/chart/annotations/XYLineAnnotation.java,13,180,45.62
./src/main/java/org/jfree/chart/annotations/XYPointerAnnotation.java,12,252,48.99
./src/main/java/org/jfree/chart/annotations/XYPolygonAnnotation.java,13,171,46.73
./src/main/java/org/jfree/chart/annotations/XYShapeAnnotation.java,11,152,44.12
./src/main/java/org/jfree/chart/annotations/XYTextAnnotation.java,14,282,51.63
./src/main/java/org/jfree/chart/annotations/XYTitleAnnotation.java,15,212,40.95
./src/main/java/org/jfree/chart/api/HorizontalAlignment.java,2,6,87.5
./src/main/java/org/jfree/chart/api/Layer.java,2,5,86.49
./src/main/java/org/jfree/chart/api/LengthAdjustmentType.java,2,6,87.23
./src/main/java/org/jfree/chart/api/PublicCloneable.java,2,5,90.57
./src/main/java/org/jfree/chart/api/RectangleAlignment.java,2,80,37.5
./src/main/java/org/jfree/chart/api/RectangleAnchor.java,3,95,37.5
./src/main/java/org/jfree/chart/api/RectangleEdge.java,2,42,60.75
./src/main/java/org/jfree/chart/api/RectangleInsets.java,5,245,49.28
./src/main/java/org/jfree/chart/api/Rotation.java,2,12,82.09
./src/main/java/org/jfree/chart/api/SortOrder.java,2,5,88.64
./src/main/java/org/jfree/chart/api/TableOrder.java,2,5,88.64
./src/main/java/org/jfree/chart/api/UnitType.java,2,5,88.64
./src/main/java/org/jfree/chart/api/VerticalAlignment.java,2,6,87.5
./src/main/java/org/jfree/chart/api/XYCoordinateType.java,3,6,88.68
./src/main/java/org/jfree/chart/axis/Axis.java,15,789,48.63
./src/main/java/org/jfree/chart/axis/AxisCollection.java,8,49,61.42
./src/main/java/org/jfree/chart/axis/AxisLabelLocation.java,5,6,87.23
./src/main/java/org/jfree/chart/axis/AxisLocation.java,9,26,67.9
./src/main/java/org/jfree/chart/axis/AxisSpace.java,7,189,44.74
./src/main/java/org/jfree/chart/axis/AxisState.java,7,66,62.29
./src/main/java/org/jfree/chart/axis/CategoryAnchor.java,6,6,87.5
./src/main/java/org/jfree/chart/axis/CategoryAxis.java,16,726,43.98
./src/main/java/org/jfree/chart/axis/CategoryLabelPosition.java,8,99,56.77
./src/main/java/org/jfree/chart/axis/CategoryLabelPositions.java,8,217,40.71
./src/main/java/org/jfree/chart/axis/CategoryLabelWidthType.java,7,5,88.89
./src/main/java/org/jfree/chart/axis/CategoryTick.java,6,55,58.33
./src/main/java/org/jfree/chart/axis/CompassFormat.java,5,48,65.71
./src/main/java/org/jfree/chart/axis/CyclicNumberAxis.java,11,653,37.69
./src/main/java/org/jfree/chart/axis/DateAxis.java,17,1063,36.35
./src/main/java/org/jfree/chart/axis/DateTick.java,8,42,65
./src/main/java/org/jfree/chart/axis/DateTickMarkPosition.java,5,6,88.68
./src/main/java/org/jfree/chart/axis/DateTickUnit.java,9,140,55.84
./src/main/java/org/jfree/chart/axis/DateTickUnitType.java,4,18,75.68
./src/main/java/org/jfree/chart/axis/ExtendedCategoryAxis.java,8,106,53.91
./src/main/java/org/jfree/chart/axis/LogarithmicAxis.java,7,561,41.01
./src/main/java/org/jfree/chart/axis/LogAxis.java,12,565,41.45
./src/main/java/org/jfree/chart/axis/LogTick.java,4,14,80.56
./src/main/java/org/jfree/chart/axis/MarkerAxisBand.java,9,133,45.04
./src/main/java/org/jfree/chart/axis/ModuloAxis.java,6,215,45.98
./src/main/java/org/jfree/chart/axis/MonthDateFormat.java,5,98,57.39
./src/main/java/org/jfree/chart/axis/NumberAxis.java,10,597,41.7
./src/main/java/org/jfree/chart/axis/NumberTick.java,6,19,77.38
./src/main/java/org/jfree/chart/axis/NumberTickUnit.java,6,55,60.43
./src/main/java/org/jfree/chart/axis/NumberTickUnitSource.java,6,157,26.64
./src/main/java/org/jfree/chart/axis/PeriodAxis.java,14,670,38.98
./src/main/java/org/jfree/chart/axis/PeriodAxisLabelInfo.java,9,158,50.63
./src/main/java/org/jfree/chart/axis/QuarterDateFormat.java,5,81,54.24
./src/main/java/org/jfree/chart/axis/StandardTickUnitSource.java,3,39,67.23
./src/main/java/org/jfree/chart/axis/SubCategoryAxis.java,11,233,41.31
./src/main/java/org/jfree/chart/axis/SymbolAxis.java,11,423,37.89
./src/main/java/org/jfree/chart/axis/Tick.java,7,65,58.6
./src/main/java/org/jfree/chart/axis/TickType.java,4,5,88.89
./src/main/java/org/jfree/chart/axis/TickUnit.java,4,64,61.68
./src/main/java/org/jfree/chart/axis/TickUnits.java,2,72,63.08
./src/main/java/org/jfree/chart/axis/TickUnitSource.java,4,6,91.89
./src/main/java/org/jfree/chart/axis/Timeline.java,4,11,91.73
./src/main/java/org/jfree/chart/axis/ValueAxis.java,14,767,49.64
./src/main/java/org/jfree/chart/axis/ValueTick.java,6,42,65.85
./src/main/java/org/jfree/chart/block/AbstractBlock.java,13,259,55.73
./src/main/java/org/jfree/chart/block/Arrangement.java,5,7,89.71
./src/main/java/org/jfree/chart/block/Block.java,6,13,87.13
./src/main/java/org/jfree/chart/block/BlockBorder.java,9,101,52.8
./src/main/java/org/jfree/chart/block/BlockContainer.java,10,126,50.39
./src/main/java/org/jfree/chart/block/BlockFrame.java,7,9,85
./src/main/java/org/jfree/chart/block/BlockParams.java,2,30,76
./src/main/java/org/jfree/chart/block/BlockResult.java,2,15,79.17
./src/main/java/org/jfree/chart/block/BorderArrangement.java,6,382,25.24
./src/main/java/org/jfree/chart/block/CenterArrangement.java,5,140,53.33
./src/main/java/org/jfree/chart/block/ColorBlock.java,7,72,58.86
./src/main/java/org/jfree/chart/block/ColumnArrangement.java,6,208,41.57
./src/main/java/org/jfree/chart/block/EmptyBlock.java,5,33,70.27
./src/main/java/org/jfree/chart/block/EntityBlockParams.java,3,4,92.59
./src/main/java/org/jfree/chart/block/EntityBlockResult.java,3,5,90.57
./src/main/java/org/jfree/chart/block/FlowArrangement.java,7,234,43.07
./src/main/java/org/jfree/chart/block/GridArrangement.java,7,242,40.69
./src/main/java/org/jfree/chart/block/LabelBlock.java,14,179,53.26
./src/main/java/org/jfree/chart/block/LengthConstraintType.java,5,6,88.46
./src/main/java/org/jfree/chart/block/LineBorder.java,11,118,44.86
./src/main/java/org/jfree/chart/block/RectangleConstraint.java,7,149,53.44
./src/main/java/org/jfree/chart/block/Size2D.java,2,59,60.4
./src/main/java/org/jfree/chart/ChartColor.java,3,70,53.02
./src/main/java/org/jfree/chart/ChartElement.java,2,4,91.67
./src/main/java/org/jfree/chart/ChartElementVisitor.java,2,4,91.49
./src/main/java/org/jfree/chart/ChartFactory.java,22,1000,46.52
./src/main/java/org/jfree/chart/ChartHints.java,4,25,73.12
./src/main/java/org/jfree/chart/ChartRenderingInfo.java,7,97,58.01
./src/main/java/org/jfree/chart/ChartTheme.java,5,4,92.16
./src/main/java/org/jfree/chart/ChartTransferable.java,7,102,55.84
./src/main/java/org/jfree/chart/ChartUtils.java,10,235,62.7
./src/main/java/org/jfree/chart/date/MonthConstants.java,5,15,76.92
./src/main/java/org/jfree/chart/date/SerialDate.java,8,355,58.53
./src/main/java/org/jfree/chart/date/SpreadsheetDate.java,6,175,56.79
./src/main/java/org/jfree/chart/Drawable.java,2,6,86.05
./src/main/java/org/jfree/chart/encoders/EncoderUtil.java,2,53,70.22
./src/main/java/org/jfree/chart/encoders/ImageEncoder.java,3,13,86.32
./src/main/java/org/jfree/chart/encoders/ImageEncoderFactory.java,4,52,63.64
./src/main/java/org/jfree/chart/encoders/ImageFormat.java,3,6,88.46
./src/main/java/org/jfree/chart/encoders/SunJPEGEncoderAdapter.java,5,59,62.18
./src/main/java/org/jfree/chart/encoders/SunPNGEncoderAdapter.java,4,36,69.23
./src/main/java/org/jfree/chart/entity/AxisEntity.java,10,79,58.64
./src/main/java/org/jfree/chart/entity/CategoryItemEntity.java,11,65,62.86
./src/main/java/org/jfree/chart/entity/CategoryLabelEntity.java,8,45,61.54
./src/main/java/org/jfree/chart/entity/ChartEntity.java,9,181,51.21
./src/main/java/org/jfree/chart/entity/EntityCollection.java,5,13,86.32
./src/main/java/org/jfree/chart/entity/FlowEntity.java,2,38,63.46
./src/main/java/org/jfree/chart/entity/JFreeChartEntity.java,10,79,58.42
./src/main/java/org/jfree/chart/entity/LegendItemEntity.java,7,56,63.64
./src/main/java/org/jfree/chart/entity/NodeEntity.java,2,23,73.86
./src/main/java/org/jfree/chart/entity/PieSectionEntity.java,7,81,61.61
./src/main/java/org/jfree/chart/entity/PlotEntity.java,10,79,58.42
./src/main/java/org/jfree/chart/entity/StandardEntityCollection.java,8,86,54.74
./src/main/java/org/jfree/chart/entity/TickLabelEntity.java,3,10,82.46
./src/main/java/org/jfree/chart/entity/TitleEntity.java,10,79,58.42
./src/main/java/org/jfree/chart/entity/XYAnnotationEntity.java,3,35,65.35
./src/main/java/org/jfree/chart/entity/XYItemEntity.java,3,56,63.4
./src/main/java/org/jfree/chart/event/AnnotationChangeEvent.java,7,14,78.79
./src/main/java/org/jfree/chart/event/AnnotationChangeListener.java,5,6,88
./src/main/java/org/jfree/chart/event/AxisChangeEvent.java,3,12,80.65
./src/main/java/org/jfree/chart/event/AxisChangeListener.java,4,5,90.91
./src/main/java/org/jfree/chart/event/ChartChangeEvent.java,4,34,70.43
./src/main/java/org/jfree/chart/event/ChartChangeEventType.java,6,6,87.23
./src/main/java/org/jfree/chart/event/ChartChangeListener.java,5,5,90.38
./src/main/java/org/jfree/chart/event/ChartProgressEvent.java,4,35,69.57
./src/main/java/org/jfree/chart/event/ChartProgressEventType.java,3,5,88.89
./src/main/java/org/jfree/chart/event/ChartProgressListener.java,4,5,89.8
./src/main/java/org/jfree/chart/event/MarkerChangeEvent.java,5,12,80.95
./src/main/java/org/jfree/chart/event/MarkerChangeListener.java,5,6,88
./src/main/java/org/jfree/chart/event/PlotChangeEvent.java,3,12,81.25
./src/main/java/org/jfree/chart/event/PlotChangeListener.java,4,5,90
./src/main/java/org/jfree/chart/event/RendererChangeEvent.java,5,19,78.16
./src/main/java/org/jfree/chart/event/RendererChangeListener.java,4,5,89.8
./src/main/java/org/jfree/chart/event/TitleChangeEvent.java,3,12,80.33
./src/main/java/org/jfree/chart/event/TitleChangeListener.java,4,5,90
./src/main/java/org/jfree/chart/imagemap/DynamicDriveToolTipTagFragmentGenerator.java,3,20,76.74
./src/main/java/org/jfree/chart/imagemap/ImageMapUtils.java,6,123,48.54
./src/main/java/org/jfree/chart/imagemap/OverLIBToolTipTagFragmentGenerator.java,3,13,81.16
./src/main/java/org/jfree/chart/imagemap/StandardToolTipTagFragmentGenerator.java,3,12,81.54
./src/main/java/org/jfree/chart/imagemap/StandardURLTagFragmentGenerator.java,2,11,83.33
./src/main/java/org/jfree/chart/imagemap/ToolTipTagFragmentGenerator.java,4,4,93.44
./src/main/java/org/jfree/chart/imagemap/URLTagFragmentGenerator.java,4,8,87.1
./src/main/java/org/jfree/chart/internal/Args.java,3,34,70.18
./src/main/java/org/jfree/chart/internal/ArrayUtils.java,2,106,43.62
./src/main/java/org/jfree/chart/internal/CloneUtils.java,6,89,48.85
./src/main/java/org/jfree/chart/internal/HashUtils.java,7,65,66.15
./src/main/java/org/jfree/chart/internal/LineUtils.java,3,84,44.37
./src/main/java/org/jfree/chart/internal/PaintUtils.java,3,117,41.79
./src/main/java/org/jfree/chart/internal/SerialUtils.java,4,418,34.07
./src/main/java/org/jfree/chart/internal/ShapeUtils.java,5,262,46.42
./src/main/java/org/jfree/chart/JFreeChart.java,24,780,48.14
./src/main/java/org/jfree/chart/labels/AbstractCategoryItemLabelGenerator.java,12,135,52.8
./src/main/java/org/jfree/chart/labels/AbstractPieItemLabelGenerator.java,7,103,51.64
./src/main/java/org/jfree/chart/labels/AbstractXYItemLabelGenerator.java,10,155,50.79
./src/main/java/org/jfree/chart/labels/BoxAndWhiskerToolTipGenerator.java,5,52,60.9
./src/main/java/org/jfree/chart/labels/BoxAndWhiskerXYToolTipGenerator.java,3,57,59.86
./src/main/java/org/jfree/chart/labels/BubbleXYItemLabelGenerator.java,9,115,52.48
./src/main/java/org/jfree/chart/labels/CategoryItemLabelGenerator.java,6,7,90.91
./src/main/java/org/jfree/chart/labels/CategorySeriesLabelGenerator.java,5,5,91.07
./src/main/java/org/jfree/chart/labels/CategoryToolTipGenerator.java,5,5,91.8
./src/main/java/org/jfree/chart/labels/CrosshairLabelGenerator.java,5,5,90
./src/main/java/org/jfree/chart/labels/CustomXYToolTipGenerator.java,5,77,54.44
./src/main/java/org/jfree/chart/labels/FlowLabelGenerator.java,2,6,88.89
./src/main/java/org/jfree/chart/labels/HighLowItemLabelGenerator.java,6,106,46.46
./src/main/java/org/jfree/chart/labels/IntervalCategoryItemLabelGenerator.java,6,54,55.74
./src/main/java/org/jfree/chart/labels/IntervalCategoryToolTipGenerator.java,4,64,54.61
./src/main/java/org/jfree/chart/labels/IntervalXYItemLabelGenerator.java,6,128,48.18
./src/main/java/org/jfree/chart/labels/IntervalXYToolTipGenerator.java,6,124,48.97
./src/main/java/org/jfree/chart/labels/ItemLabelAnchor.java,7,28,69.57
./src/main/java/org/jfree/chart/labels/ItemLabelPosition.java,9,76,55.29
./src/main/java/org/jfree/chart/labels/MultipleXYSeriesLabelGenerator.java,10,112,47.17
./src/main/java/org/jfree/chart/labels/PieSectionLabelGenerator.java,6,11,87.06
./src/main/java/org/jfree/chart/labels/PieToolTipGenerator.java,4,5,90.74
./src/main/java/org/jfree/chart/labels/StandardCategoryItemLabelGenerator.java,6,47,64.66
./src/main/java/org/jfree/chart/labels/StandardCategorySeriesLabelGenerator.java,8,57,60.42
./src/main/java/org/jfree/chart/labels/StandardCategoryToolTipGenerator.java,3,43,63.87
./src/main/java/org/jfree/chart/labels/StandardCrosshairLabelGenerator.java,5,57,58.39
./src/main/java/org/jfree/chart/labels/StandardFlowLabelGenerator.java,2,47,59.13
./src/main/java/org/jfree/chart/labels/StandardPieSectionLabelGenerator.java,7,85,63.04
./src/main/java/org/jfree/chart/labels/StandardPieToolTipGenerator.java,8,37,71.32
./src/main/java/org/jfree/chart/labels/StandardXYItemLabelGenerator.java,6,58,66.47
./src/main/java/org/jfree/chart/labels/StandardXYSeriesLabelGenerator.java,9,58,61.59
./src/main/java/org/jfree/chart/labels/StandardXYToolTipGenerator.java,6,59,66.09
./src/main/java/org/jfree/chart/labels/StandardXYZToolTipGenerator.java,7,109,52.81
./src/main/java/org/jfree/chart/labels/SymbolicXYItemLabelGenerator.java,5,70,55.13
./src/main/java/org/jfree/chart/labels/XYItemLabelGenerator.java,4,5,90.74
./src/main/java/org/jfree/chart/labels/XYSeriesLabelGenerator.java,5,5,91.23
./src/main/java/org/jfree/chart/labels/XYToolTipGenerator.java,4,5,90.57
./src/main/java/org/jfree/chart/labels/XYZToolTipGenerator.java,4,5,90.57
./src/main/java/org/jfree/chart/legend/LegendGraphic.java,8,334,51.1
./src/main/java/org/jfree/chart/legend/LegendItem.java,6,468,52.39
./src/main/java/org/jfree/chart/legend/LegendItemBlockContainer.java,3,69,59.41
./src/main/java/org/jfree/chart/legend/LegendItemCollection.java,3,56,60.56
./src/main/java/org/jfree/chart/legend/LegendItemSource.java,2,5,90
./src/main/java/org/jfree/chart/legend/LegendRenderingOrder.java,2,5,88.89
./src/main/java/org/jfree/chart/legend/LegendTitle.java,7,347,43.76
./src/main/java/org/jfree/chart/legend/PaintScaleLegend.java,5,392,40.79
./src/main/java/org/jfree/chart/plot/CategoryCrosshairState.java,4,64,59.24
./src/main/java/org/jfree/chart/plot/CategoryMarker.java,7,69,60.34
./src/main/java/org/jfree/chart/plot/CategoryPlot.java,32,2415,46.61
./src/main/java/org/jfree/chart/plot/CenterTextMode.java,3,6,87.23
./src/main/java/org/jfree/chart/plot/CombinedDomainCategoryPlot.java,14,358,41.6
./src/main/java/org/jfree/chart/plot/CombinedDomainXYPlot.java,15,396,42.69
./src/main/java/org/jfree/chart/plot/CombinedRangeCategoryPlot.java,12,307,40.39
./src/main/java/org/jfree/chart/plot/CombinedRangeXYPlot.java,16,371,42.57
./src/main/java/org/jfree/chart/plot/compass/ArrowNeedle.java,2,78,50
./src/main/java/org/jfree/chart/plot/compass/CompassPlot.java,5,438,43.56
./src/main/java/org/jfree/chart/plot/compass/LineNeedle.java,2,41,62.73
./src/main/java/org/jfree/chart/plot/compass/LongNeedle.java,2,87,45.96
./src/main/java/org/jfree/chart/plot/compass/MeterNeedle.java,3,178,52.66
./src/main/java/org/jfree/chart/plot/compass/MiddlePinNeedle.java,3,61,53.79
./src/main/java/org/jfree/chart/plot/compass/PinNeedle.java,3,59,54.62
./src/main/java/org/jfree/chart/plot/compass/PlumNeedle.java,2,51,57.5
./src/main/java/org/jfree/chart/plot/compass/PointerNeedle.java,2,70,50
./src/main/java/org/jfree/chart/plot/compass/ShipNeedle.java,2,49,58.82
./src/main/java/org/jfree/chart/plot/compass/WindNeedle.java,2,45,58.72
./src/main/java/org/jfree/chart/plot/Crosshair.java,16,298,55.79
./src/main/java/org/jfree/chart/plot/CrosshairState.java,7,109,66.36
./src/main/java/org/jfree/chart/plot/DatasetRenderingOrder.java,5,5,91.67
./src/main/java/org/jfree/chart/plot/DefaultDrawingSupplier.java,8,276,40.39
./src/main/java/org/jfree/chart/plot/dial/AbstractDialLayer.java,6,74,61.66
./src/main/java/org/jfree/chart/plot/dial/ArcDialFrame.java,10,228,51.18
./src/main/java/org/jfree/chart/plot/dial/DialBackground.java,11,100,58.68
./src/main/java/org/jfree/chart/plot/dial/DialCap.java,10,131,57.05
./src/main/java/org/jfree/chart/plot/dial/DialFrame.java,4,7,88.14
./src/main/java/org/jfree/chart/plot/dial/DialLayer.java,4,14,86.27
./src/main/java/org/jfree/chart/plot/dial/DialLayerChangeEvent.java,3,12,80.65
./src/main/java/org/jfree/chart/plot/dial/DialLayerChangeListener.java,4,5,90.2
./src/main/java/org/jfree/chart/plot/dial/DialPlot.java,16,373,50.4
./src/main/java/org/jfree/chart/plot/dial/DialPointer.java,10,279,50.36
./src/main/java/org/jfree/chart/plot/dial/DialScale.java,4,5,92.06
./src/main/java/org/jfree/chart/plot/dial/DialTextAnnotation.java,12,159,55.96
./src/main/java/org/jfree/chart/plot/dial/DialValueIndicator.java,16,327,52.61
./src/main/java/org/jfree/chart/plot/dial/StandardDialFrame.java,10,149,53.73
./src/main/java/org/jfree/chart/plot/dial/StandardDialRange.java,10,181,53.71
./src/main/java/org/jfree/chart/plot/dial/StandardDialScale.java,11,417,54.58
./src/main/java/org/jfree/chart/plot/DialShape.java,6,6,87.5
./src/main/java/org/jfree/chart/plot/DrawingSupplier.java,5,12,86.36
./src/main/java/org/jfree/chart/plot/FastScatterPlot.java,15,507,47.95
./src/main/java/org/jfree/chart/plot/flow/FlowPlot.java,3,455,39.74
./src/main/java/org/jfree/chart/plot/IntervalMarker.java,8,82,58.38
./src/main/java/org/jfree/chart/plot/Marker.java,13,268,55.56
./src/main/java/org/jfree/chart/plot/MeterInterval.java,9,89,55.05
./src/main/java/org/jfree/chart/plot/MeterPlot.java,19,643,44.71
./src/main/java/org/jfree/chart/plot/Pannable.java,4,11,86.25
./src/main/java/org/jfree/chart/plot/pie/AbstractPieLabelDistributor.java,2,24,75
./src/main/java/org/jfree/chart/plot/pie/MultiplePiePlot.java,5,355,38.15
./src/main/java/org/jfree/chart/plot/pie/PieLabelDistributor.java,2,106,46.46
./src/main/java/org/jfree/chart/plot/pie/PieLabelLinkStyle.java,2,6,87.5
./src/main/java/org/jfree/chart/plot/pie/PieLabelRecord.java,2,114,54.94
./src/main/java/org/jfree/chart/plot/pie/PiePlot.java,6,1547,47.04
./src/main/java/org/jfree/chart/plot/pie/PiePlotState.java,2,81,66.11
./src/main/java/org/jfree/chart/plot/Plot.java,22,656,50.27
./src/main/java/org/jfree/chart/plot/PlotOrientation.java,4,11,83.08
./src/main/java/org/jfree/chart/plot/PlotRenderingInfo.java,11,117,55.68
./src/main/java/org/jfree/chart/plot/PlotState.java,4,14,77.05
./src/main/java/org/jfree/chart/plot/PolarAxisLocation.java,6,11,82.26
./src/main/java/org/jfree/chart/plot/PolarPlot.java,27,988,46.33
./src/main/java/org/jfree/chart/plot/RingPlot.java,22,331,47.46
./src/main/java/org/jfree/chart/plot/SeriesRenderingOrder.java,5,5,91.38
./src/main/java/org/jfree/chart/plot/SpiderWebPlot.java,24,677,47.15
./src/main/java/org/jfree/chart/plot/ThermometerPlot.java,20,764,47.09
./src/main/java/org/jfree/chart/plot/ValueAxisPlot.java,4,6,88.68
./src/main/java/org/jfree/chart/plot/ValueMarker.java,4,43,68.15
./src/main/java/org/jfree/chart/plot/WaferMapPlot.java,10,237,39.07
./src/main/java/org/jfree/chart/plot/XYCrosshairState.java,2,6,88.46
./src/main/java/org/jfree/chart/plot/XYPlot.java,31,2732,45.15
./src/main/java/org/jfree/chart/plot/Zoomable.java,6,18,88.08
./src/main/java/org/jfree/chart/renderer/AbstractRenderer.java,30,1235,55.48
./src/main/java/org/jfree/chart/renderer/AreaRendererEndType.java,4,6,89.66
./src/main/java/org/jfree/chart/renderer/category/AbstractCategoryItemRenderer.java,28,925,40.01
./src/main/java/org/jfree/chart/renderer/category/AreaRenderer.java,10,192,35.79
./src/main/java/org/jfree/chart/renderer/category/BarPainter.java,7,11,86.9
./src/main/java/org/jfree/chart/renderer/category/BarRenderer.java,16,683,43.08
./src/main/java/org/jfree/chart/renderer/category/BoxAndWhiskerRenderer.java,16,596,41.11
./src/main/java/org/jfree/chart/renderer/category/CategoryItemRenderer.java,16,170,88.19
./src/main/java/org/jfree/chart/renderer/category/CategoryItemRendererState.java,3,64,65.59
./src/main/java/org/jfree/chart/renderer/category/CategoryStepRenderer.java,8,174,46.3
./src/main/java/org/jfree/chart/renderer/category/DefaultCategoryItemRenderer.java,2,7,86.54
./src/main/java/org/jfree/chart/renderer/category/GanttRenderer.java,12,351,36.76
./src/main/java/org/jfree/chart/renderer/category/GradientBarPainter.java,7,215,36.76
./src/main/java/org/jfree/chart/renderer/category/GroupedStackedBarRenderer.java,9,218,34.34
./src/main/java/org/jfree/chart/renderer/category/IntervalBarRenderer.java,6,117,46.82
./src/main/java/org/jfree/chart/renderer/category/LayeredBarRenderer.java,12,291,32.01
./src/main/java/org/jfree/chart/renderer/category/LevelRenderer.java,12,222,44.91
./src/main/java/org/jfree/chart/renderer/category/LineAndShapeRenderer.java,14,379,51.03
./src/main/java/org/jfree/chart/renderer/category/MinMaxCategoryRenderer.java,11,268,45.64
./src/main/java/org/jfree/chart/renderer/category/ScatterRenderer.java,13,269,49.63
./src/main/java/org/jfree/chart/renderer/category/StackedAreaRenderer.java,12,284,35.16
./src/main/java/org/jfree/chart/renderer/category/StackedBarRenderer.java,11,216,37.57
./src/main/java/org/jfree/chart/renderer/category/StandardBarPainter.java,6,106,47.52
./src/main/java/org/jfree/chart/renderer/category/StatisticalBarRenderer.java,12,342,33.98
./src/main/java/org/jfree/chart/renderer/category/StatisticalLineAndShapeRenderer.java,11,269,36.85
./src/main/java/org/jfree/chart/renderer/category/WaterfallBarRenderer.java,10,261,39.16
./src/main/java/org/jfree/chart/renderer/DefaultPolarItemRenderer.java,22,489,41.79
./src/main/java/org/jfree/chart/renderer/GrayPaintScale.java,7,82,59.61
./src/main/java/org/jfree/chart/renderer/LookupPaintScale.java,9,179,47.97
./src/main/java/org/jfree/chart/renderer/NotOutlierException.java,2,6,89.47
./src/main/java/org/jfree/chart/renderer/Outlier.java,2,70,64.29
./src/main/java/org/jfree/chart/renderer/OutlierList.java,3,49,68.59
./src/main/java/org/jfree/chart/renderer/OutlierListCollection.java,6,49,68.79
./src/main/java/org/jfree/chart/renderer/PaintScale.java,5,8,89.04
./src/main/java/org/jfree/chart/renderer/PolarItemRenderer.java,8,35,80.77
./src/main/java/org/jfree/chart/renderer/RendererState.java,3,31,69.9
./src/main/java/org/jfree/chart/renderer/RendererUtils.java,4,153,38.06
./src/main/java/org/jfree/chart/renderer/WaferMapRenderer.java,5,204,40.7
./src/main/java/org/jfree/chart/renderer/xy/AbstractXYItemRenderer.java,30,974,36.09
./src/main/java/org/jfree/chart/renderer/xy/CandlestickRenderer.java,15,429,47.56
./src/main/java/org/jfree/chart/renderer/xy/ClusteredXYBarRenderer.java,12,200,39.02
./src/main/java/org/jfree/chart/renderer/xy/CyclicXYItemRenderer.java,4,249,43.02
./src/main/java/org/jfree/chart/renderer/xy/DefaultXYItemRenderer.java,2,6,88.46
./src/main/java/org/jfree/chart/renderer/xy/DeviationRenderer.java,8,168,50.88
./src/main/java/org/jfree/chart/renderer/xy/DeviationStepRenderer.java,3,173,38.65
./src/main/java/org/jfree/chart/renderer/xy/GradientXYBarPainter.java,8,214,36.87
./src/main/java/org/jfree/chart/renderer/xy/HighLowRenderer.java,10,243,45.76
./src/main/java/org/jfree/chart/renderer/xy/SamplingXYLineRenderer.java,13,170,48.95
./src/main/java/org/jfree/chart/renderer/xy/StackedXYAreaRenderer.java,10,335,44.99
./src/main/java/org/jfree/chart/renderer/xy/StackedXYAreaRenderer2.java,9,325,34.08
./src/main/java/org/jfree/chart/renderer/xy/StackedXYBarRenderer.java,11,224,40.11
./src/main/java/org/jfree/chart/renderer/xy/StandardXYBarPainter.java,7,106,47.52
./src/main/java/org/jfree/chart/renderer/xy/StandardXYItemRenderer.java,20,466,48.34
./src/main/java/org/jfree/chart/renderer/xy/VectorRenderer.java,8,207,34.08
./src/main/java/org/jfree/chart/renderer/xy/WindItemRenderer.java,8,84,46.5
./src/main/java/org/jfree/chart/renderer/xy/XYAreaRenderer.java,17,387,40.37
./src/main/java/org/jfree/chart/renderer/xy/XYAreaRenderer2.java,13,234,40.31
./src/main/java/org/jfree/chart/renderer/xy/XYBarPainter.java,7,11,86.25
./src/main/java/org/jfree/chart/renderer/xy/XYBarRenderer.java,18,623,42.53
./src/main/java/org/jfree/chart/renderer/xy/XYBlockRenderer.java,17,258,46.69
./src/main/java/org/jfree/chart/renderer/xy/XYBoxAndWhiskerRenderer.java,12,434,40.79
./src/main/java/org/jfree/chart/renderer/xy/XYBubbleRenderer.java,10,192,38.26
./src/main/java/org/jfree/chart/renderer/xy/XYDifferenceRenderer.java,15,708,33.02
./src/main/java/org/jfree/chart/renderer/xy/XYDotRenderer.java,12,169,49.7
./src/main/java/org/jfree/chart/renderer/xy/XYErrorRenderer.java,10,213,48.67
./src/main/java/org/jfree/chart/renderer/xy/XYItemRenderer.java,19,169,87.26
./src/main/java/org/jfree/chart/renderer/xy/XYItemRendererState.java,2,37,79.67
./src/main/java/org/jfree/chart/renderer/xy/XYLineAndShapeRenderer.java,21,521,51.67
./src/main/java/org/jfree/chart/renderer/xy/XYShapeRenderer.java,14,272,51.6
./src/main/java/org/jfree/chart/renderer/xy/XYSplineRenderer.java,13,258,44.28
./src/main/java/org/jfree/chart/renderer/xy/XYStepAreaRenderer.java,11,293,48.14
./src/main/java/org/jfree/chart/renderer/xy/XYStepRenderer.java,15,167,47.15
./src/main/java/org/jfree/chart/renderer/xy/YIntervalRenderer.java,10,142,48.74
./src/main/java/org/jfree/chart/StandardChartTheme.java,20,947,42.4
./src/main/java/org/jfree/chart/swing/AbstractOverlay.java,3,32,68.32
./src/main/java/org/jfree/chart/swing/ApplicationFrame.java,2,35,69.3
./src/main/java/org/jfree/chart/swing/ChartFrame.java,2,25,69.88
./src/main/java/org/jfree/chart/swing/ChartMouseEvent.java,2,28,70.83
./src/main/java/org/jfree/chart/swing/ChartMouseListener.java,2,7,88.14
./src/main/java/org/jfree/chart/swing/ChartPanel.java,9,1575,42.73
./src/main/java/org/jfree/chart/swing/CrosshairOverlay.java,8,398,29.81
./src/main/java/org/jfree/chart/swing/DefaultSelectionZoomStrategy.java,4,156,34.73
./src/main/java/org/jfree/chart/swing/editor/ChartEditor.java,2,6,88.46
./src/main/java/org/jfree/chart/swing/editor/ChartEditorFactory.java,2,5,90
./src/main/java/org/jfree/chart/swing/editor/ChartEditorManager.java,3,18,77.78
./src/main/java/org/jfree/chart/swing/editor/DefaultAxisEditor.java,5,221,50.11
./src/main/java/org/jfree/chart/swing/editor/DefaultChartEditor.java,4,143,38.63
./src/main/java/org/jfree/chart/swing/editor/DefaultChartEditorFactory.java,2,10,82.76
./src/main/java/org/jfree/chart/swing/editor/DefaultLogAxisEditor.java,2,82,44.59
./src/main/java/org/jfree/chart/swing/editor/DefaultNumberAxisEditor.java,3,97,35.76
./src/main/java/org/jfree/chart/swing/editor/DefaultPlotEditor.java,5,365,34.94
./src/main/java/org/jfree/chart/swing/editor/DefaultPolarPlotEditor.java,3,110,41.18
./src/main/java/org/jfree/chart/swing/editor/DefaultTitleEditor.java,4,155,38.74
./src/main/java/org/jfree/chart/swing/editor/DefaultValueAxisEditor.java,4,226,38.42
./src/main/java/org/jfree/chart/swing/editor/FontChooserPanel.java,3,113,37.91
./src/main/java/org/jfree/chart/swing/editor/FontDisplayField.java,3,29,66.28
./src/main/java/org/jfree/chart/swing/editor/LCBLayout.java,2,147,37.71
./src/main/java/org/jfree/chart/swing/editor/PaintSample.java,2,43,57
./src/main/java/org/jfree/chart/swing/editor/StrokeChooserPanel.java,2,30,63.86
./src/main/java/org/jfree/chart/swing/editor/StrokeSample.java,2,72,50.68
./src/main/java/org/jfree/chart/swing/MouseWheelHandler.java,4,65,53.24
./src/main/java/org/jfree/chart/swing/NumberCellRenderer.java,2,30,61.54
./src/main/java/org/jfree/chart/swing/Overlay.java,3,7,91.03
./src/main/java/org/jfree/chart/swing/OverlayChangeEvent.java,2,7,86
./src/main/java/org/jfree/chart/swing/OverlayChangeListener.java,2,5,89.58
./src/main/java/org/jfree/chart/swing/PolarChartPanel.java,2,116,46.05
./src/main/java/org/jfree/chart/swing/SelectionZoomStrategy.java,4,24,85
./src/main/java/org/jfree/chart/swing/UIUtils.java,2,85,53.04
./src/main/java/org/jfree/chart/text/AttributedStringUtils.java,3,43,51.14
./src/main/java/org/jfree/chart/text/format/HexNumberFormat.java,2,46,66.18
./src/main/java/org/jfree/chart/text/format/HMSNumberFormat.java,2,32,69.52
./src/main/java/org/jfree/chart/text/format/LogFormat.java,2,98,55.86
./src/main/java/org/jfree/chart/text/format/RelativeDateFormat.java,2,229,54.29
./src/main/java/org/jfree/chart/text/G2TextMeasurer.java,3,18,71.43
./src/main/java/org/jfree/chart/text/TextAnchor.java,3,51,64.83
./src/main/java/org/jfree/chart/text/TextBlock.java,11,137,49.63
./src/main/java/org/jfree/chart/text/TextBlockAnchor.java,5,12,78.18
./src/main/java/org/jfree/chart/text/TextBox.java,8,204,46.03
./src/main/java/org/jfree/chart/text/TextFragment.java,9,126,52.99
./src/main/java/org/jfree/chart/text/TextLine.java,10,108,51.35
./src/main/java/org/jfree/chart/text/TextMeasurer.java,4,4,90.91
./src/main/java/org/jfree/chart/text/TextUtils.java,6,393,43.78
./src/main/java/org/jfree/chart/title/CompositeTitle.java,8,97,56.5
./src/main/java/org/jfree/chart/title/DateTitle.java,7,37,75.97
./src/main/java/org/jfree/chart/title/ImageTitle.java,7,176,46.67
./src/main/java/org/jfree/chart/title/ShortTextTitle.java,6,119,46.64
./src/main/java/org/jfree/chart/title/TextTitle.java,13,469,41.38
./src/main/java/org/jfree/chart/title/Title.java,9,180,54.55
./src/main/java/org/jfree/chart/urls/CategoryURLGenerator.java,4,6,91.78
./src/main/java/org/jfree/chart/urls/CustomCategoryURLGenerator.java,5,88,50.84
./src/main/java/org/jfree/chart/urls/CustomPieURLGenerator.java,8,95,53.43
./src/main/java/org/jfree/chart/urls/CustomXYURLGenerator.java,4,89,53.89
./src/main/java/org/jfree/chart/urls/PieURLGenerator.java,5,5,92.19
./src/main/java/org/jfree/chart/urls/StandardCategoryURLGenerator.java,6,86,51.96
./src/main/java/org/jfree/chart/urls/StandardPieURLGenerator.java,6,70,53.64
./src/main/java/org/jfree/chart/urls/StandardXYURLGenerator.java,8,58,58.57
./src/main/java/org/jfree/chart/urls/StandardXYZURLGenerator.java,2,9,85
./src/main/java/org/jfree/chart/urls/TimeSeriesURLGenerator.java,5,90,50.82
./src/main/java/org/jfree/chart/urls/XYURLGenerator.java,3,5,92.42
./src/main/java/org/jfree/chart/urls/XYZURLGenerator.java,3,5,91.8
./src/main/java/org/jfree/chart/util/AttrStringUtils.java,8,182,39.13
./src/main/java/org/jfree/chart/util/DefaultShadowGenerator.java,8,158,44.37
./src/main/java/org/jfree/chart/util/DirectionalGradientPaintTransformer.java,6,48,61.6
./src/main/java/org/jfree/chart/util/ExportUtils.java,12,112,46.92
./src/main/java/org/jfree/chart/util/GradientPaintTransformer.java,2,6,87.23
./src/main/java/org/jfree/chart/util/GradientPaintTransformType.java,2,7,82.5
./src/main/java/org/jfree/chart/util/PaintAlpha.java,5,144,59.44
./src/main/java/org/jfree/chart/util/ShadowGenerator.java,4,7,89.71
./src/main/java/org/jfree/chart/util/StandardGradientPaintTransformer.java,2,79,49.36
./src/main/java/org/jfree/chart/util/StringUtils.java,5,25,71.26
./src/main/java/org/jfree/data/category/CategoryDataset.java,4,6,90.77
./src/main/java/org/jfree/data/category/CategoryRangeInfo.java,3,7,88.71
./src/main/java/org/jfree/data/category/CategoryToPieDataset.java,8,155,48.68
./src/main/java/org/jfree/data/category/DefaultCategoryDataset.java,7,146,64.56
./src/main/java/org/jfree/data/category/DefaultIntervalCategoryDataset.java,8,380,48.79
./src/main/java/org/jfree/data/category/IntervalCategoryDataset.java,5,8,90.8
./src/main/java/org/jfree/data/category/SlidingCategoryDataset.java,8,152,56.32
./src/main/java/org/jfree/data/ComparableObjectItem.java,8,56,63.4
./src/main/java/org/jfree/data/ComparableObjectSeries.java,12,209,50.94
./src/main/java/org/jfree/data/DataUtils.java,7,126,48.99
./src/main/java/org/jfree/data/DefaultKeyedValue.java,7,56,62.42
./src/main/java/org/jfree/data/DefaultKeyedValues.java,9,203,50.85
./src/main/java/org/jfree/data/DefaultKeyedValues2D.java,13,255,49.7
./src/main/java/org/jfree/data/DomainInfo.java,5,6,91.89
./src/main/java/org/jfree/data/DomainOrder.java,6,6,87.23
./src/main/java/org/jfree/data/flow/DefaultFlowDataset.java,2,181,48.29
./src/main/java/org/jfree/data/flow/FlowDataset.java,2,14,88.62
./src/main/java/org/jfree/data/flow/FlowDatasetUtils.java,2,93,52.06
./src/main/java/org/jfree/data/flow/FlowKey.java,2,66,57.69
./src/main/java/org/jfree/data/flow/NodeKey.java,2,56,60
./src/main/java/org/jfree/data/function/Function2D.java,4,4,92.59
./src/main/java/org/jfree/data/function/LineFunction2D.java,4,42,65.29
./src/main/java/org/jfree/data/function/NormalDistributionFunction2D.java,4,50,61.24
./src/main/java/org/jfree/data/function/PolynomialFunction2D.java,6,38,67.52
./src/main/java/org/jfree/data/function/PowerFunction2D.java,4,42,65.29
./src/main/java/org/jfree/data/gantt/GanttCategoryDataset.java,4,15,90.63
./src/main/java/org/jfree/data/gantt/SlidingGanttCategoryDataset.java,6,283,54.13
./src/main/java/org/jfree/data/gantt/Task.java,8,98,57.21
./src/main/java/org/jfree/data/gantt/TaskSeries.java,8,79,57.07
./src/main/java/org/jfree/data/gantt/TaskSeriesCollection.java,11,316,50.08
./src/main/java/org/jfree/data/gantt/XYTaskDataset.java,6,203,54.38
./src/main/java/org/jfree/data/general/AbstractDataset.java,7,70,68.33
./src/main/java/org/jfree/data/general/AbstractSeriesDataset.java,3,28,72
./src/main/java/org/jfree/data/general/Dataset.java,4,5,91.23
./src/main/java/org/jfree/data/general/DatasetChangeEvent.java,3,11,86.25
./src/main/java/org/jfree/data/general/DatasetChangeListener.java,3,5,91.23
./src/main/java/org/jfree/data/general/DatasetUtils.java,13,1459,37.27
./src/main/java/org/jfree/data/general/DefaultHeatMapDataset.java,7,136,55.7
./src/main/java/org/jfree/data/general/DefaultKeyedValueDataset.java,4,78,56.91
./src/main/java/org/jfree/data/general/DefaultKeyedValues2DDataset.java,3,8,85.96
./src/main/java/org/jfree/data/general/DefaultKeyedValuesDataset.java,3,5,89.13
./src/main/java/org/jfree/data/general/DefaultPieDataset.java,14,127,60.68
./src/main/java/org/jfree/data/general/DefaultValueDataset.java,6,42,67.19
./src/main/java/org/jfree/data/general/HeatMapDataset.java,3,13,90.78
./src/main/java/org/jfree/data/general/HeatMapUtils.java,4,50,57.98
./src/main/java/org/jfree/data/general/KeyedValueDataset.java,2,4,91.49
./src/main/java/org/jfree/data/general/KeyedValues2DDataset.java,3,4,91.49
./src/main/java/org/jfree/data/general/KeyedValuesDataset.java,3,4,90.7
./src/main/java/org/jfree/data/general/PieDataset.java,5,5,89.8
./src/main/java/org/jfree/data/general/Series.java,12,79,64.25
./src/main/java/org/jfree/data/general/SeriesChangeEvent.java,2,9,84.48
./src/main/java/org/jfree/data/general/SeriesChangeListener.java,3,5,90.74
./src/main/java/org/jfree/data/general/SeriesDataset.java,6,11,85.9
./src/main/java/org/jfree/data/general/SeriesException.java,2,8,86.21
./src/main/java/org/jfree/data/general/ValueDataset.java,2,4,91.49
./src/main/java/org/jfree/data/general/WaferMapDataset.java,5,109,60.07
./src/main/java/org/jfree/data/io/CSV.java,2,96,48.39
./src/main/java/org/jfree/data/ItemKey.java,4,4,91.49
./src/main/java/org/jfree/data/json/impl/JSONArray.java,4,72,50
./src/main/java/org/jfree/data/json/impl/JSONAware.java,2,4,90.24
./src/main/java/org/jfree/data/json/impl/JSONObject.java,4,85,51.43
./src/main/java/org/jfree/data/json/impl/JSONStreamAware.java,3,6,86.96
./src/main/java/org/jfree/data/json/impl/JSONValue.java,4,156,50.32
./src/main/java/org/jfree/data/json/JSONUtils.java,7,102,45.45
./src/main/java/org/jfree/data/KeyedObject.java,8,56,58.52
./src/main/java/org/jfree/data/KeyedObjects.java,8,149,52.7
./src/main/java/org/jfree/data/KeyedObjects2D.java,7,244,47.19
./src/main/java/org/jfree/data/KeyedValue.java,4,4,92
./src/main/java/org/jfree/data/KeyedValueComparator.java,9,84,44.37
./src/main/java/org/jfree/data/KeyedValueComparatorType.java,5,5,90.38
./src/main/java/org/jfree/data/KeyedValues.java,5,8,91.01
./src/main/java/org/jfree/data/KeyedValues2D.java,6,12,88.35
./src/main/java/org/jfree/data/KeyedValues2DItemKey.java,9,72,48.94
./src/main/java/org/jfree/data/KeyedValuesItemKey.java,7,49,54.21
./src/main/java/org/jfree/data/KeyToGroupMap.java,16,162,43.55
./src/main/java/org/jfree/data/Range.java,8,196,53.77
./src/main/java/org/jfree/data/RangeInfo.java,4,6,91.43
./src/main/java/org/jfree/data/RangeType.java,5,6,88.68
./src/main/java/org/jfree/data/resources/DataPackageResources.java,2,12,80.65
./src/main/java/org/jfree/data/resources/DataPackageResources_de.java,2,12,80.65
./src/main/java/org/jfree/data/resources/DataPackageResources_es.java,2,12,80.65
./src/main/java/org/jfree/data/resources/DataPackageResources_fr.java,2,12,80.33
./src/main/java/org/jfree/data/resources/DataPackageResources_pl.java,2,12,80.95
./src/main/java/org/jfree/data/resources/DataPackageResources_ru.java,2,12,79.66
./src/main/java/org/jfree/data/statistics/BoxAndWhiskerCalculator.java,7,110,44.72
./src/main/java/org/jfree/data/statistics/BoxAndWhiskerCategoryDataset.java,4,24,88.99
./src/main/java/org/jfree/data/statistics/BoxAndWhiskerItem.java,7,125,52.47
./src/main/java/org/jfree/data/statistics/BoxAndWhiskerXYDataset.java,5,17,89.7
./src/main/java/org/jfree/data/statistics/DefaultBoxAndWhiskerCategoryDataset.java,8,412,52.59
./src/main/java/org/jfree/data/statistics/DefaultBoxAndWhiskerXYDataset.java,7,239,54.3
./src/main/java/org/jfree/data/statistics/DefaultMultiValueCategoryDataset.java,7,196,48.42
./src/main/java/org/jfree/data/statistics/DefaultStatisticalCategoryDataset.java,8,363,46.93
./src/main/java/org/jfree/data/statistics/HistogramBin.java,3,62,60.26
./src/main/java/org/jfree/data/statistics/HistogramDataset.java,8,213,54.19
./src/main/java/org/jfree/data/statistics/HistogramType.java,5,6,88.46
./src/main/java/org/jfree/data/statistics/MeanAndStandardDeviation.java,6,65,60.37
./src/main/java/org/jfree/data/statistics/MultiValueCategoryDataset.java,4,8,87.88
./src/main/java/org/jfree/data/statistics/Regression.java,4,223,32.42
./src/main/java/org/jfree/data/statistics/SimpleHistogramBin.java,7,130,49.81
./src/main/java/org/jfree/data/statistics/SimpleHistogramDataset.java,10,188,58.41
./src/main/java/org/jfree/data/statistics/StatisticalCategoryDataset.java,4,9,88.75
./src/main/java/org/jfree/data/statistics/Statistics.java,5,234,44.29
./src/main/java/org/jfree/data/time/DateRange.java,5,44,70.07
./src/main/java/org/jfree/data/time/Day.java,11,187,57.01
./src/main/java/org/jfree/data/time/DynamicTimeSeriesCollection.java,4,403,53.14
./src/main/java/org/jfree/data/time/FixedMillisecond.java,4,111,57.31
./src/main/java/org/jfree/data/time/Hour.java,9,197,55.53
./src/main/java/org/jfree/data/time/Millisecond.java,8,194,52.91
./src/main/java/org/jfree/data/time/Minute.java,9,207,53.79
./src/main/java/org/jfree/data/time/Month.java,8,239,51.72
./src/main/java/org/jfree/data/time/MovingAverage.java,8,165,44.26
./src/main/java/org/jfree/data/time/ohlc/OHLC.java,5,59,59.03
./src/main/java/org/jfree/data/time/ohlc/OHLCItem.java,6,51,60.47
./src/main/java/org/jfree/data/time/ohlc/OHLCSeries.java,6,38,70.08
./src/main/java/org/jfree/data/time/ohlc/OHLCSeriesCollection.java,12,187,58.81
./src/main/java/org/jfree/data/time/Quarter.java,11,198,55
./src/main/java/org/jfree/data/time/RegularTimePeriod.java,12,110,69.53
./src/main/java/org/jfree/data/time/Second.java,9,196,53.33
./src/main/java/org/jfree/data/time/SimpleTimePeriod.java,6,91,54.73
./src/main/java/org/jfree/data/time/TimePeriod.java,5,6,89.47
./src/main/java/org/jfree/data/time/TimePeriodAnchor.java,7,6,87.5
./src/main/java/org/jfree/data/time/TimePeriodFormatException.java,3,6,87.76
./src/main/java/org/jfree/data/time/TimePeriodValue.java,7,66,60.71
./src/main/java/org/jfree/data/time/TimePeriodValues.java,12,221,48
./src/main/java/org/jfree/data/time/TimePeriodValuesCollection.java,12,207,49.64
./src/main/java/org/jfree/data/time/TimeSeries.java,19,606,48.29
./src/main/java/org/jfree/data/time/TimeSeriesCollection.java,18,323,51.28
./src/main/java/org/jfree/data/time/TimeSeriesDataItem.java,10,66,65.26
./src/main/java/org/jfree/data/time/TimeSeriesTableModel.java,4,127,47.08
./src/main/java/org/jfree/data/time/TimeTableXYDataset.java,11,230,59
./src/main/java/org/jfree/data/time/Week.java,9,302,49.24
./src/main/java/org/jfree/data/time/Year.java,10,141,61.68
./src/main/java/org/jfree/data/UnknownKeyException.java,2,6,88.68
./src/main/java/org/jfree/data/Value.java,3,4,92.31
./src/main/java/org/jfree/data/Values.java,5,5,91.53
./src/main/java/org/jfree/data/Values2D.java,4,6,91.3
./src/main/java/org/jfree/data/xml/CategoryDatasetHandler.java,3,48,60.33
./src/main/java/org/jfree/data/xml/CategorySeriesHandler.java,5,56,58.21
./src/main/java/org/jfree/data/xml/DatasetReader.java,5,74,54.04
./src/main/java/org/jfree/data/xml/DatasetTags.java,3,9,84.21
./src/main/java/org/jfree/data/xml/ItemHandler.java,2,62,58.94
./src/main/java/org/jfree/data/xml/KeyHandler.java,2,53,62.41
./src/main/java/org/jfree/data/xml/PieDatasetHandler.java,2,45,62.81
./src/main/java/org/jfree/data/xml/RootHandler.java,2,39,65.79
./src/main/java/org/jfree/data/xml/ValueHandler.java,2,60,59.18
./src/main/java/org/jfree/data/xy/AbstractIntervalXYDataset.java,3,41,64.66
./src/main/java/org/jfree/data/xy/AbstractXYDataset.java,4,28,68.89
./src/main/java/org/jfree/data/xy/AbstractXYZDataset.java,3,13,78.33
./src/main/java/org/jfree/data/xy/CategoryTableXYDataset.java,7,143,62.66
./src/main/java/org/jfree/data/xy/DefaultHighLowDataset.java,9,155,61.06
./src/main/java/org/jfree/data/xy/DefaultIntervalXYDataset.java,8,197,62.48
./src/main/java/org/jfree/data/xy/DefaultOHLCDataset.java,6,128,60
./src/main/java/org/jfree/data/xy/DefaultTableXYDataset.java,12,293,49.66
./src/main/java/org/jfree/data/xy/DefaultWindDataset.java,7,186,52.79
./src/main/java/org/jfree/data/xy/DefaultXYDataset.java,8,148,58.77
./src/main/java/org/jfree/data/xy/DefaultXYZDataset.java,7,158,60.7
./src/main/java/org/jfree/data/xy/IntervalXYDataset.java,4,11,91.97
./src/main/java/org/jfree/data/xy/IntervalXYDelegate.java,9,180,58.72
./src/main/java/org/jfree/data/xy/IntervalXYZDataset.java,4,10,89.69
./src/main/java/org/jfree/data/xy/MatrixSeries.java,4,75,62.5
./src/main/java/org/jfree/data/xy/MatrixSeriesCollection.java,8,108,60.29
./src/main/java/org/jfree/data/xy/NormalizedMatrixSeries.java,4,35,73.28
./src/main/java/org/jfree/data/xy/OHLCDataItem.java,5,77,57.69
./src/main/java/org/jfree/data/xy/OHLCDataset.java,3,13,91.28
./src/main/java/org/jfree/data/xy/TableXYDataset.java,4,4,92.98
./src/main/java/org/jfree/data/xy/Vector.java,3,48,64.44
./src/main/java/org/jfree/data/xy/VectorDataItem.java,3,36,69.23
./src/main/java/org/jfree/data/xy/VectorSeries.java,3,44,72.84
./src/main/java/org/jfree/data/xy/VectorSeriesCollection.java,10,115,62.05
./src/main/java/org/jfree/data/xy/VectorXYDataset.java,5,6,91.78
./src/main/java/org/jfree/data/xy/WindDataset.java,5,5,92.54
./src/main/java/org/jfree/data/xy/XIntervalDataItem.java,6,34,67.31
./src/main/java/org/jfree/data/xy/XIntervalSeries.java,3,40,75.31
./src/main/java/org/jfree/data/xy/XIntervalSeriesCollection.java,11,140,61.11
./src/main/java/org/jfree/data/xy/XisSymbolic.java,4,6,91.67
./src/main/java/org/jfree/data/xy/XYBarDataset.java,6,125,64.79
./src/main/java/org/jfree/data/xy/XYCoordinate.java,3,71,54.19
./src/main/java/org/jfree/data/xy/XYDataItem.java,9,93,58.11
./src/main/java/org/jfree/data/xy/XYDataset.java,5,11,89.81
./src/main/java/org/jfree/data/xy/XYDatasetTableModel.java,2,73,69.71
./src/main/java/org/jfree/data/xy/XYDomainInfo.java,5,6,89.09
./src/main/java/org/jfree/data/xy/XYInterval.java,4,58,59.44
./src/main/java/org/jfree/data/xy/XYIntervalDataItem.java,5,56,58.21
./src/main/java/org/jfree/data/xy/XYIntervalSeries.java,3,49,74.07
./src/main/java/org/jfree/data/xy/XYIntervalSeriesCollection.java,10,132,63.03
./src/main/java/org/jfree/data/xy/XYItemKey.java,8,70,49.28
./src/main/java/org/jfree/data/xy/XYRangeInfo.java,4,6,89.29
./src/main/java/org/jfree/data/xy/XYSeries.java,15,425,52.35
./src/main/java/org/jfree/data/xy/XYSeriesCollection.java,14,371,47.6
./src/main/java/org/jfree/data/xy/XYZDataset.java,4,5,91.67
./src/main/java/org/jfree/data/xy/YInterval.java,4,41,63.39
./src/main/java/org/jfree/data/xy/YIntervalDataItem.java,5,37,64.08
./src/main/java/org/jfree/data/xy/YIntervalSeries.java,3,39,76.07
./src/main/java/org/jfree/data/xy/YIntervalSeriesCollection.java,12,122,61.99
./src/main/java/org/jfree/data/xy/YisSymbolic.java,4,6,91.78
./src/main/java/org/jfree/data/xy/YWithXInterval.java,4,41,64.66
